x, rho, p, u, e, H, c
0.00000000, 1.00000000, 1.00000000, 0.00000000, 2.50000000, 3.50000000, 1.18321596
0.00100000, 1.00000000, 1.00000000, 0.00000000, 2.50000000, 3.50000000, 1.18321596
0.00200000, 1.00000000, 1.00000000, 0.00000000, 2.50000000, 3.50000000, 1.18321596
0.00300000, 1.00000000, 1.00000000, 0.00000000, 2.50000000, 3.50000000, 1.18321596
0.00400000, 1.00000000, 1.00000000, 0.00000000, 2.50000000, 3.50000000, 1.18321596
0.00500000, 1.00000000, 1.00000000, 0.00000000, 2.50000000, 3.50000000, 1.18321596
0.00600000, 1.00000000, 1.00000000, 0.00000000, 2.50000000, 3.50000000, 1.18321596
0.00700000, 1.00000000, 1.00000000, 0.00000000, 2.50000000, 3.50000000, 1.18321596
0.00800000, 1.00000000, 1.00000000, 0.00000000, 2.50000000, 3.50000000, 1.18321596
0.00900000, 1.00000000, 1.00000000, 0.00000000, 2.50000000, 3.50000000, 1.18321596
0.01000000, 1.00000000, 1.00000000, 0.00000000, 2.50000000, 3.50000000, 1.18321596
0.01100000, 1.00000000, 1.00000000, 0.00000000, 2.50000000, 3.50000000, 1.18321596
0.01200000, 1.00000000, 1.00000000, 0.00000000, 2.50000000, 3.50000000, 1.18321596
0.01300000, 1.00000000, 1.00000000, 0.00000000, 2.50000000, 3.50000000, 1.18321596
0.01400000, 1.00000000, 1.00000000, 0.00000000, 2.50000000, 3.50000000, 1.18321596
0.01500000, 1.00000000, 1.00000000, 0.00000000, 2.50000000, 3.50000000, 1.18321596
0.01600000, 1.00000000, 1.00000000, 0.00000000, 2.50000000, 3.50000000, 1.18321596
0.01700000, 1.00000000, 1.00000000, 0.00000000, 2.50000000, 3.50000000, 1.18321596
0.01800000, 1.00000000, 1.00000000, 0.00000000, 2.50000000, 3.50000000, 1.18321596
0.01900000, 1.00000000, 1.00000000, 0.00000000, 2.50000000, 3.50000000, 1.18321596
0.02000000, 1.00000000, 1.00000000, 0.00000000, 2.50000000, 3.50000000, 1.18321596
0.02100000, 1.00000000, 1.00000000, 0.00000000, 2.50000000, 3.50000000, 1.18321596
0.02200000, 1.00000000, 1.00000000, 0.00000000, 2.50000000, 3.50000000, 1.18321596
0.02300000, 1.00000000, 1.00000000, 0.00000000, 2.50000000, 3.50000000, 1.18321596
0.02400000, 1.00000000, 1.00000000, 0.00000000, 2.50000000, 3.50000000, 1.18321596
0.02500000, 1.00000000, 1.00000000, 0.00000000, 2.50000000, 3.50000000, 1.18321596
0.02600000, 1.00000000, 1.00000000, 0.00000000, 2.50000000, 3.50000000, 1.18321596
0.02700000, 1.00000000, 1.00000000, 0.00000000, 2.50000000, 3.50000000, 1.18321596
0.02800000, 1.00000000, 1.00000000, 0.00000000, 2.50000000, 3.50000000, 1.18321596
0.02900000, 1.00000000, 1.00000000, 0.00000000, 2.50000000, 3.50000000, 1.18321596
0.03000000, 1.00000000, 1.00000000, 0.00000000, 2.50000000, 3.50000000, 1.18321596
0.03100000, 1.00000000, 1.00000000, 0.00000000, 2.50000000, 3.50000000, 1.18321596
0.03200000, 1.00000000, 1.00000000, 0.00000000, 2.50000000, 3.50000000, 1.18321596
0.03300000, 1.00000000, 1.00000000, 0.00000000, 2.50000000, 3.50000000, 1.18321596
0.03400000, 1.00000000, 1.00000000, 0.00000000, 2.50000000, 3.50000000, 1.18321596
0.03500000, 1.00000000, 1.00000000, 0.00000000, 2.50000000, 3.50000000, 1.18321596
0.03600000, 1.00000000, 1.00000000, 0.00000000, 2.50000000, 3.50000000, 1.18321596
0.03700000, 1.00000000, 1.00000000, 0.00000000, 2.50000000, 3.50000000, 1.18321596
0.03800000, 1.00000000, 1.00000000, 0.00000000, 2.50000000, 3.50000000, 1.18321596
0.03900000, 1.00000000, 1.00000000, 0.00000000, 2.50000000, 3.50000000, 1.18321596
0.04000000, 1.00000000, 1.00000000, 0.00000000, 2.50000000, 3.50000000, 1.18321596
0.04100000, 1.00000000, 1.00000000, 0.00000000, 2.50000000, 3.50000000, 1.18321596
0.04200000, 1.00000000, 1.00000000, 0.00000000, 2.50000000, 3.50000000, 1.18321596
0.04300000, 1.00000000, 1.00000000, 0.00000000, 2.50000000, 3.50000000, 1.18321596
0.04400000, 1.00000000, 1.00000000, 0.00000000, 2.50000000, 3.50000000, 1.18321596
0.04500000, 1.00000000, 1.00000000, 0.00000000, 2.50000000, 3.50000000, 1.18321596
0.04600000, 1.00000000, 1.00000000, 0.00000000, 2.50000000, 3.50000000, 1.18321596
0.04700000, 1.00000000, 1.00000000, 0.00000000, 2.50000000, 3.50000000, 1.18321596
0.04800000, 1.00000000, 1.00000000, 0.00000000, 2.50000000, 3.50000000, 1.18321596
0.04900000, 1.00000000, 1.00000000, 0.00000000, 2.50000000, 3.50000000, 1.18321596
0.05000000, 1.00000000, 1.00000000, 0.00000000, 2.50000000, 3.50000000, 1.18321596
0.05100000, 1.00000000, 1.00000000, 0.00000000, 2.50000000, 3.50000000, 1.18321596
0.05200000, 1.00000000, 1.00000000, 0.00000000, 2.50000000, 3.50000000, 1.18321596
0.05300000, 1.00000000, 1.00000000, 0.00000000, 2.50000000, 3.50000000, 1.18321596
0.05400000, 1.00000000, 1.00000000, 0.00000000, 2.50000000, 3.50000000, 1.18321596
0.05500000, 1.00000000, 1.00000000, 0.00000000, 2.50000000, 3.50000000, 1.18321596
0.05600000, 1.00000000, 1.00000000, 0.00000000, 2.50000000, 3.50000000, 1.18321596
0.05700000, 1.00000000, 1.00000000, 0.00000000, 2.50000000, 3.50000000, 1.18321596
0.05800000, 1.00000000, 1.00000000, 0.00000000, 2.50000000, 3.50000000, 1.18321596
0.05900000, 1.00000000, 1.00000000, 0.00000000, 2.50000000, 3.50000000, 1.18321596
0.06000000, 1.00000000, 1.00000000, 0.00000000, 2.50000000, 3.50000000, 1.18321596
0.06100000, 1.00000000, 1.00000000, 0.00000000, 2.50000000, 3.50000000, 1.18321596
0.06200000, 1.00000000, 1.00000000, 0.00000000, 2.50000000, 3.50000000, 1.18321596
0.06300000, 1.00000000, 1.00000000, 0.00000000, 2.50000000, 3.50000000, 1.18321596
0.06400000, 1.00000000, 1.00000000, 0.00000000, 2.50000000, 3.50000000, 1.18321596
0.06500000, 1.00000000, 1.00000000, 0.00000000, 2.50000000, 3.50000000, 1.18321596
0.06600000, 1.00000000, 1.00000000, 0.00000000, 2.50000000, 3.50000000, 1.18321596
0.06700000, 1.00000000, 1.00000000, 0.00000000, 2.50000000, 3.50000000, 1.18321596
0.06800000, 1.00000000, 1.00000000, 0.00000000, 2.50000000, 3.50000000, 1.18321596
0.06900000, 1.00000000, 1.00000000, 0.00000000, 2.50000000, 3.50000000, 1.18321596
0.07000000, 1.00000000, 1.00000000, 0.00000000, 2.50000000, 3.50000000, 1.18321596
0.07100000, 1.00000000, 1.00000000, 0.00000000, 2.50000000, 3.50000000, 1.18321596
0.07200000, 1.00000000, 1.00000000, 0.00000000, 2.50000000, 3.50000000, 1.18321596
0.07300000, 1.00000000, 1.00000000, 0.00000000, 2.50000000, 3.50000000, 1.18321596
0.07400000, 1.00000000, 1.00000000, 0.00000000, 2.50000000, 3.50000000, 1.18321596
0.07500000, 1.00000000, 1.00000000, 0.00000000, 2.50000000, 3.50000000, 1.18321596
0.07600000, 1.00000000, 1.00000000, 0.00000000, 2.50000000, 3.50000000, 1.18321596
0.07700000, 1.00000000, 1.00000000, 0.00000000, 2.50000000, 3.50000000, 1.18321596
0.07800000, 1.00000000, 1.00000000, 0.00000000, 2.50000000, 3.50000000, 1.18321596
0.07900000, 1.00000000, 1.00000000, 0.00000000, 2.50000000, 3.50000000, 1.18321596
0.08000000, 1.00000000, 1.00000000, 0.00000000, 2.50000000, 3.50000000, 1.18321596
0.08100000, 1.00000000, 1.00000000, 0.00000000, 2.50000000, 3.50000000, 1.18321596
0.08200000, 1.00000000, 1.00000000, 0.00000000, 2.50000000, 3.50000000, 1.18321596
0.08300000, 1.00000000, 1.00000000, 0.00000000, 2.50000000, 3.50000000, 1.18321596
0.08400000, 1.00000000, 1.00000000, 0.00000000, 2.50000000, 3.50000000, 1.18321596
0.08500000, 1.00000000, 1.00000000, 0.00000000, 2.50000000, 3.50000000, 1.18321596
0.08600000, 1.00000000, 1.00000000, 0.00000000, 2.50000000, 3.50000000, 1.18321596
0.08700000, 1.00000000, 1.00000000, 0.00000000, 2.50000000, 3.50000000, 1.18321596
0.08800000, 1.00000000, 1.00000000, 0.00000000, 2.50000000, 3.50000000, 1.18321596
0.08900000, 1.00000000, 1.00000000, 0.00000000, 2.50000000, 3.50000000, 1.18321596
0.09000000, 1.00000000, 1.00000000, 0.00000000, 2.50000000, 3.50000000, 1.18321596
0.09100000, 1.00000000, 1.00000000, 0.00000000, 2.50000000, 3.50000000, 1.18321596
0.09200000, 1.00000000, 1.00000000, 0.00000000, 2.50000000, 3.50000000, 1.18321596
0.09300000, 1.00000000, 1.00000000, 0.00000000, 2.50000000, 3.50000000, 1.18321596
0.09400000, 1.00000000, 1.00000000, 0.00000000, 2.50000000, 3.50000000, 1.18321596
0.09500000, 1.00000000, 1.00000000, 0.00000000, 2.50000000, 3.50000000, 1.18321596
0.09600000, 1.00000000, 1.00000000, 0.00000000, 2.50000000, 3.50000000, 1.18321596
0.09700000, 1.00000000, 1.00000000, 0.00000000, 2.50000000, 3.50000000, 1.18321596
0.09800000, 1.00000000, 1.00000000, 0.00000000, 2.50000000, 3.50000000, 1.18321596
0.09900000, 1.00000000, 1.00000000, 0.00000000, 2.50000000, 3.50000000, 1.18321596
0.10000000, 1.00000000, 1.00000000, 0.00000000, 2.50000000, 3.50000000, 1.18321596
0.10100000, 1.00000000, 1.00000000, 0.00000000, 2.50000000, 3.50000000, 1.18321596
0.10200000, 1.00000000, 1.00000000, 0.00000000, 2.50000000, 3.50000000, 1.18321596
0.10300000, 1.00000000, 1.00000000, 0.00000000, 2.50000000, 3.50000000, 1.18321596
0.10400000, 1.00000000, 1.00000000, 0.00000000, 2.50000000, 3.50000000, 1.18321596
0.10500000, 1.00000000, 1.00000000, 0.00000000, 2.50000000, 3.50000000, 1.18321596
0.10600000, 1.00000000, 1.00000000, 0.00000000, 2.50000000, 3.50000000, 1.18321596
0.10700000, 1.00000000, 1.00000000, 0.00000000, 2.50000000, 3.50000000, 1.18321596
0.10800000, 1.00000000, 1.00000000, 0.00000000, 2.50000000, 3.50000000, 1.18321596
0.10900000, 1.00000000, 1.00000000, 0.00000000, 2.50000000, 3.50000000, 1.18321596
0.11000000, 1.00000000, 1.00000000, 0.00000000, 2.50000000, 3.50000000, 1.18321596
0.11100000, 1.00000000, 1.00000000, 0.00000000, 2.50000000, 3.50000000, 1.18321596
0.11200000, 1.00000000, 1.00000000, 0.00000000, 2.50000000, 3.50000000, 1.18321596
0.11300000, 1.00000000, 1.00000000, 0.00000000, 2.50000000, 3.50000000, 1.18321596
0.11400000, 1.00000000, 1.00000000, 0.00000000, 2.50000000, 3.50000000, 1.18321596
0.11500000, 1.00000000, 1.00000000, 0.00000000, 2.50000000, 3.50000000, 1.18321596
0.11600000, 1.00000000, 1.00000000, 0.00000000, 2.50000000, 3.50000000, 1.18321596
0.11700000, 1.00000000, 1.00000000, 0.00000000, 2.50000000, 3.50000000, 1.18321596
0.11800000, 1.00000000, 1.00000000, 0.00000000, 2.50000000, 3.50000000, 1.18321596
0.11900000, 1.00000000, 1.00000000, 0.00000000, 2.50000000, 3.50000000, 1.18321596
0.12000000, 1.00000000, 1.00000000, 0.00000000, 2.50000000, 3.50000000, 1.18321596
0.12100000, 1.00000000, 1.00000000, 0.00000000, 2.50000000, 3.50000000, 1.18321596
0.12200000, 1.00000000, 1.00000000, 0.00000000, 2.50000000, 3.50000000, 1.18321596
0.12300000, 1.00000000, 1.00000000, 0.00000000, 2.50000000, 3.50000000, 1.18321596
0.12400000, 1.00000000, 1.00000000, 0.00000000, 2.50000000, 3.50000000, 1.18321596
0.12500000, 1.00000000, 1.00000000, 0.00000000, 2.50000000, 3.50000000, 1.18321596
0.12600000, 1.00000000, 1.00000000, 0.00000000, 2.50000000, 3.50000000, 1.18321596
0.12700000, 1.00000000, 1.00000000, 0.00000000, 2.50000000, 3.50000000, 1.18321596
0.12800000, 1.00000000, 1.00000000, 0.00000000, 2.50000000, 3.50000000, 1.18321596
0.12900000, 1.00000000, 1.00000000, 0.00000000, 2.50000000, 3.50000000, 1.18321596
0.13000000, 1.00000000, 1.00000000, 0.00000000, 2.50000000, 3.50000000, 1.18321596
0.13100000, 1.00000000, 1.00000000, 0.00000000, 2.50000000, 3.50000000, 1.18321596
0.13200000, 1.00000000, 1.00000000, 0.00000000, 2.50000000, 3.50000000, 1.18321596
0.13300000, 1.00000000, 1.00000000, 0.00000000, 2.50000000, 3.50000000, 1.18321596
0.13400000, 1.00000000, 1.00000000, 0.00000000, 2.50000000, 3.50000000, 1.18321596
0.13500000, 1.00000000, 1.00000000, 0.00000000, 2.50000000, 3.50000000, 1.18321596
0.13600000, 1.00000000, 1.00000000, 0.00000000, 2.50000000, 3.50000000, 1.18321596
0.13700000, 1.00000000, 1.00000000, 0.00000000, 2.50000000, 3.50000000, 1.18321596
0.13800000, 1.00000000, 1.00000000, 0.00000000, 2.50000000, 3.50000000, 1.18321596
0.13900000, 1.00000000, 1.00000000, 0.00000000, 2.50000000, 3.50000000, 1.18321596
0.14000000, 1.00000000, 1.00000000, 0.00000000, 2.50000000, 3.50000000, 1.18321596
0.14100000, 1.00000000, 1.00000000, 0.00000000, 2.50000000, 3.50000000, 1.18321596
0.14200000, 1.00000000, 1.00000000, 0.00000000, 2.50000000, 3.50000000, 1.18321596
0.14300000, 1.00000000, 1.00000000, 0.00000000, 2.50000000, 3.50000000, 1.18321596
0.14400000, 1.00000000, 1.00000000, 0.00000000, 2.50000000, 3.50000000, 1.18321596
0.14500000, 1.00000000, 1.00000000, 0.00000000, 2.50000000, 3.50000000, 1.18321596
0.14600000, 1.00000000, 1.00000000, 0.00000000, 2.50000000, 3.50000000, 1.18321596
0.14700000, 1.00000000, 1.00000000, 0.00000000, 2.50000000, 3.50000000, 1.18321596
0.14800000, 1.00000000, 1.00000000, 0.00000000, 2.50000000, 3.50000000, 1.18321596
0.14900000, 1.00000000, 1.00000000, 0.00000000, 2.50000000, 3.50000000, 1.18321596
0.15000000, 1.00000000, 1.00000000, 0.00000000, 2.50000000, 3.50000000, 1.18321596
0.15100000, 1.00000000, 1.00000000, 0.00000000, 2.50000000, 3.50000000, 1.18321596
0.15200000, 1.00000000, 1.00000000, 0.00000000, 2.50000000, 3.50000000, 1.18321596
0.15300000, 1.00000000, 1.00000000, 0.00000000, 2.50000000, 3.50000000, 1.18321596
0.15400000, 1.00000000, 1.00000000, 0.00000000, 2.50000000, 3.50000000, 1.18321596
0.15500000, 1.00000000, 1.00000000, 0.00000000, 2.50000000, 3.50000000, 1.18321596
0.15600000, 1.00000000, 1.00000000, 0.00000000, 2.50000000, 3.50000000, 1.18321596
0.15700000, 1.00000000, 1.00000000, 0.00000000, 2.50000000, 3.50000000, 1.18321596
0.15800000, 1.00000000, 1.00000000, 0.00000000, 2.50000000, 3.50000000, 1.18321596
0.15900000, 1.00000000, 1.00000000, 0.00000000, 2.50000000, 3.50000000, 1.18321596
0.16000000, 1.00000000, 1.00000000, 0.00000000, 2.50000000, 3.50000000, 1.18321596
0.16100000, 1.00000000, 1.00000000, 0.00000000, 2.50000000, 3.50000000, 1.18321596
0.16200000, 1.00000000, 1.00000000, 0.00000000, 2.50000000, 3.50000000, 1.18321596
0.16300000, 1.00000000, 1.00000000, 0.00000000, 2.50000000, 3.50000000, 1.18321596
0.16400000, 1.00000000, 1.00000000, 0.00000000, 2.50000000, 3.50000000, 1.18321596
0.16500000, 1.00000000, 1.00000000, 0.00000000, 2.50000000, 3.50000000, 1.18321596
0.16600000, 1.00000000, 1.00000000, 0.00000000, 2.50000000, 3.50000000, 1.18321596
0.16700000, 1.00000000, 1.00000000, 0.00000000, 2.50000000, 3.50000000, 1.18321596
0.16800000, 1.00000000, 1.00000000, 0.00000000, 2.50000000, 3.50000000, 1.18321596
0.16900000, 1.00000000, 1.00000000, 0.00000000, 2.50000000, 3.50000000, 1.18321596
0.17000000, 1.00000000, 1.00000000, 0.00000000, 2.50000000, 3.50000000, 1.18321596
0.17100000, 1.00000000, 1.00000000, 0.00000000, 2.50000000, 3.50000000, 1.18321596
0.17200000, 1.00000000, 1.00000000, 0.00000000, 2.50000000, 3.50000000, 1.18321596
0.17300000, 1.00000000, 1.00000000, 0.00000000, 2.50000000, 3.50000000, 1.18321596
0.17400000, 1.00000000, 1.00000000, 0.00000000, 2.50000000, 3.50000000, 1.18321596
0.17500000, 1.00000000, 1.00000000, 0.00000000, 2.50000000, 3.50000000, 1.18321596
0.17600000, 1.00000000, 1.00000000, 0.00000000, 2.50000000, 3.50000000, 1.18321596
0.17700000, 1.00000000, 1.00000000, 0.00000000, 2.50000000, 3.50000000, 1.18321596
0.17800000, 1.00000000, 1.00000000, 0.00000000, 2.50000000, 3.50000000, 1.18321596
0.17900000, 1.00000000, 1.00000000, 0.00000000, 2.50000000, 3.50000000, 1.18321596
0.18000000, 1.00000000, 1.00000000, 0.00000000, 2.50000000, 3.50000000, 1.18321596
0.18100000, 1.00000000, 1.00000000, 0.00000000, 2.50000000, 3.50000000, 1.18321596
0.18200000, 1.00000000, 1.00000000, 0.00000000, 2.50000000, 3.50000000, 1.18321596
0.18300000, 1.00000000, 1.00000000, 0.00000000, 2.50000000, 3.50000000, 1.18321596
0.18400000, 1.00000000, 1.00000000, 0.00000000, 2.50000000, 3.50000000, 1.18321596
0.18500000, 1.00000000, 1.00000000, 0.00000000, 2.50000000, 3.50000000, 1.18321596
0.18600000, 1.00000000, 1.00000000, 0.00000000, 2.50000000, 3.50000000, 1.18321596
0.18700000, 1.00000000, 1.00000000, 0.00000000, 2.50000000, 3.50000000, 1.18321596
0.18800000, 1.00000000, 1.00000000, 0.00000000, 2.50000000, 3.50000000, 1.18321596
0.18900000, 1.00000000, 1.00000000, 0.00000000, 2.50000000, 3.50000000, 1.18321596
0.19000000, 1.00000000, 1.00000000, 0.00000000, 2.50000000, 3.50000000, 1.18321596
0.19100000, 1.00000000, 1.00000000, 0.00000000, 2.50000000, 3.50000000, 1.18321596
0.19200000, 1.00000000, 1.00000000, 0.00000000, 2.50000000, 3.50000000, 1.18321596
0.19300000, 1.00000000, 1.00000000, 0.00000000, 2.50000000, 3.50000000, 1.18321596
0.19400000, 1.00000000, 1.00000000, 0.00000000, 2.50000000, 3.50000000, 1.18321596
0.19500000, 1.00000000, 1.00000000, 0.00000000, 2.50000000, 3.50000000, 1.18321596
0.19600000, 1.00000000, 1.00000000, 0.00000000, 2.50000000, 3.50000000, 1.18321596
0.19700000, 1.00000000, 1.00000000, 0.00000000, 2.50000000, 3.50000000, 1.18321596
0.19800000, 1.00000000, 1.00000000, 0.00000000, 2.50000000, 3.50000000, 1.18321596
0.19900000, 1.00000000, 1.00000000, 0.00000000, 2.50000000, 3.50000000, 1.18321596
0.20000000, 1.00000000, 1.00000000, 0.00000000, 2.50000000, 3.50000000, 1.18321596
0.20100000, 1.00000000, 1.00000000, 0.00000000, 2.50000000, 3.50000000, 1.18321596
0.20200000, 1.00000000, 1.00000000, 0.00000000, 2.50000000, 3.50000000, 1.18321596
0.20300000, 1.00000000, 1.00000000, 0.00000000, 2.50000000, 3.50000000, 1.18321596
0.20400000, 1.00000000, 1.00000000, 0.00000000, 2.50000000, 3.50000000, 1.18321596
0.20500000, 1.00000000, 1.00000000, 0.00000000, 2.50000000, 3.50000000, 1.18321596
0.20600000, 1.00000000, 1.00000000, 0.00000000, 2.50000000, 3.50000000, 1.18321596
0.20700000, 1.00000000, 1.00000000, 0.00000000, 2.50000000, 3.50000000, 1.18321596
0.20800000, 1.00000000, 1.00000000, 0.00000000, 2.50000000, 3.50000000, 1.18321596
0.20900000, 1.00000000, 1.00000000, 0.00000000, 2.50000000, 3.50000000, 1.18321596
0.21000000, 1.00000000, 1.00000000, 0.00000000, 2.50000000, 3.50000000, 1.18321596
0.21100000, 1.00000000, 1.00000000, 0.00000000, 2.50000000, 3.50000000, 1.18321596
0.21200000, 1.00000000, 1.00000000, 0.00000000, 2.50000000, 3.50000000, 1.18321596
0.21300000, 1.00000000, 1.00000000, 0.00000000, 2.50000000, 3.50000000, 1.18321596
0.21400000, 1.00000000, 1.00000000, 0.00000000, 2.50000000, 3.50000000, 1.18321596
0.21500000, 1.00000000, 1.00000000, 0.00000000, 2.50000000, 3.50000000, 1.18321596
0.21600000, 1.00000000, 1.00000000, 0.00000000, 2.50000000, 3.50000000, 1.18321596
0.21700000, 1.00000000, 1.00000000, 0.00000000, 2.50000000, 3.50000000, 1.18321596
0.21800000, 1.00000000, 1.00000000, 0.00000000, 2.50000000, 3.50000000, 1.18321596
0.21900000, 1.00000000, 1.00000000, 0.00000000, 2.50000000, 3.50000000, 1.18321596
0.22000000, 1.00000000, 1.00000000, 0.00000000, 2.50000000, 3.50000000, 1.18321596
0.22100000, 1.00000000, 1.00000000, 0.00000000, 2.50000000, 3.50000000, 1.18321596
0.22200000, 1.00000000, 1.00000000, 0.00000000, 2.50000000, 3.50000000, 1.18321596
0.22300000, 1.00000000, 1.00000000, 0.00000000, 2.50000000, 3.50000000, 1.18321596
0.22400000, 1.00000000, 1.00000000, 0.00000000, 2.50000000, 3.50000000, 1.18321596
0.22500000, 1.00000000, 1.00000000, 0.00000000, 2.50000000, 3.50000000, 1.18321596
0.22600000, 1.00000000, 1.00000000, 0.00000000, 2.50000000, 3.50000000, 1.18321596
0.22700000, 1.00000000, 1.00000000, 0.00000000, 2.50000000, 3.50000000, 1.18321596
0.22800000, 1.00000000, 1.00000000, 0.00000000, 2.50000000, 3.50000000, 1.18321596
0.22900000, 1.00000000, 1.00000000, 0.00000000, 2.50000000, 3.50000000, 1.18321596
0.23000000, 1.00000000, 1.00000000, 0.00000000, 2.50000000, 3.50000000, 1.18321596
0.23100000, 1.00000000, 1.00000000, 0.00000000, 2.50000000, 3.50000000, 1.18321596
0.23200000, 1.00000000, 1.00000000, 0.00000000, 2.50000000, 3.50000000, 1.18321596
0.23300000, 1.00000000, 1.00000000, 0.00000000, 2.50000000, 3.50000000, 1.18321596
0.23400000, 1.00000000, 1.00000000, 0.00000000, 2.50000000, 3.50000000, 1.18321596
0.23500000, 1.00000000, 1.00000000, 0.00000000, 2.50000000, 3.50000000, 1.18321596
0.23600000, 1.00000000, 1.00000000, 0.00000000, 2.50000000, 3.50000000, 1.18321596
0.23700000, 1.00000000, 1.00000000, 0.00000000, 2.50000000, 3.50000000, 1.18321596
0.23800000, 1.00000000, 1.00000000, 0.00000000, 2.50000000, 3.50000000, 1.18321596
0.23900000, 1.00000000, 1.00000000, 0.00000000, 2.50000000, 3.50000000, 1.18321596
0.24000000, 1.00000000, 1.00000000, 0.00000000, 2.50000000, 3.50000000, 1.18321596
0.24100000, 1.00000000, 1.00000000, 0.00000000, 2.50000000, 3.50000000, 1.18321596
0.24200000, 1.00000000, 1.00000000, 0.00000000, 2.50000000, 3.50000000, 1.18321596
0.24300000, 1.00000000, 1.00000000, 0.00000000, 2.50000000, 3.50000000, 1.18321596
0.24400000, 1.00000000, 1.00000000, 0.00000000, 2.50000000, 3.50000000, 1.18321596
0.24500000, 1.00000000, 1.00000000, 0.00000000, 2.50000000, 3.50000000, 1.18321596
0.24600000, 1.00000000, 1.00000000, 0.00000000, 2.50000000, 3.50000000, 1.18321596
0.24700000, 1.00000000, 1.00000000, 0.00000000, 2.50000000, 3.50000000, 1.18321596
0.24800000, 1.00000000, 1.00000000, 0.00000000, 2.50000000, 3.50000000, 1.18321596
0.24900000, 1.00000000, 1.00000000, 0.00000000, 2.50000000, 3.50000000, 1.18321596
0.25000000, 1.00000000, 1.00000000, 0.00000000, 2.50000000, 3.50000000, 1.18321596
0.25100000, 1.00000000, 1.00000000, 0.00000000, 2.50000000, 3.50000000, 1.18321596
0.25200000, 1.00000000, 1.00000000, 0.00000000, 2.50000000, 3.50000000, 1.18321596
0.25300000, 1.00000000, 1.00000000, 0.00000000, 2.50000000, 3.50000000, 1.18321596
0.25400000, 1.00000000, 1.00000000, 0.00000000, 2.50000000, 3.50000000, 1.18321596
0.25500000, 1.00000000, 1.00000000, 0.00000000, 2.50000000, 3.50000000, 1.18321596
0.25600000, 1.00000000, 1.00000000, 0.00000000, 2.50000000, 3.50000000, 1.18321596
0.25700000, 1.00000000, 1.00000000, 0.00000000, 2.50000000, 3.50000000, 1.18321596
0.25800000, 1.00000000, 1.00000000, 0.00000000, 2.50000000, 3.50000000, 1.18321596
0.25900000, 1.00000000, 1.00000000, 0.00000000, 2.50000000, 3.50000000, 1.18321596
0.26000000, 1.00000000, 1.00000000, 0.00000000, 2.50000000, 3.50000000, 1.18321596
0.26100000, 1.00000000, 1.00000000, 0.00000000, 2.50000000, 3.50000000, 1.18321596
0.26200000, 1.00000000, 1.00000000, 0.00000000, 2.50000000, 3.50000000, 1.18321596
0.26300000, 1.00000000, 1.00000000, 0.00000000, 2.50000000, 3.50000000, 1.18321596
0.26400000, 1.00000000, 1.00000000, 0.00000000, 2.50000000, 3.50000000, 1.18321596
0.26500000, 1.00000000, 1.00000000, 0.00000000, 2.50000000, 3.50000000, 1.18321596
0.26600000, 1.00000000, 1.00000000, 0.00000000, 2.50000000, 3.50000000, 1.18321596
0.26700000, 1.00000000, 1.00000000, 0.00000000, 2.50000000, 3.50000000, 1.18321596
0.26800000, 1.00000000, 1.00000000, 0.00000000, 2.50000000, 3.50000000, 1.18321596
0.26900000, 1.00000000, 1.00000000, 0.00000000, 2.50000000, 3.50000000, 1.18321596
0.27000000, 1.00000000, 1.00000000, 0.00000000, 2.50000000, 3.50000000, 1.18321596
0.27100000, 1.00000000, 1.00000000, 0.00000000, 2.50000000, 3.50000000, 1.18321596
0.27200000, 1.00000000, 1.00000000, 0.00000000, 2.50000000, 3.50000000, 1.18321596
0.27300000, 1.00000000, 1.00000000, 0.00000000, 2.50000000, 3.50000000, 1.18321596
0.27400000, 1.00000000, 1.00000000, 0.00000000, 2.50000000, 3.50000000, 1.18321596
0.27500000, 1.00000000, 1.00000000, 0.00000000, 2.50000000, 3.50000000, 1.18321596
0.27600000, 1.00000000, 1.00000000, 0.00000000, 2.50000000, 3.50000000, 1.18321596
0.27700000, 1.00000000, 1.00000000, 0.00000000, 2.50000000, 3.50000000, 1.18321596
0.27800000, 1.00000000, 1.00000000, 0.00000000, 2.50000000, 3.50000000, 1.18321596
0.27900000, 1.00000000, 1.00000000, 0.00000000, 2.50000000, 3.50000000, 1.18321596
0.28000000, 1.00000000, 1.00000000, 0.00000000, 2.50000000, 3.50000000, 1.18321596
0.28100000, 1.00000000, 1.00000000, 0.00000000, 2.50000000, 3.50000000, 1.18321596
0.28200000, 1.00000000, 1.00000000, 0.00000000, 2.50000000, 3.50000000, 1.18321596
0.28300000, 1.00000000, 1.00000000, 0.00000000, 2.50000000, 3.50000000, 1.18321596
0.28400000, 1.00000000, 1.00000000, 0.00000000, 2.50000000, 3.50000000, 1.18321596
0.28500000, 1.00000000, 1.00000000, 0.00000000, 2.50000000, 3.50000000, 1.18321596
0.28600000, 1.00000000, 1.00000000, 0.00000000, 2.50000000, 3.50000000, 1.18321596
0.28700000, 1.00000000, 1.00000000, 0.00000000, 2.50000000, 3.50000000, 1.18321596
0.28800000, 1.00000000, 1.00000000, 0.00000000, 2.50000000, 3.50000000, 1.18321596
0.28900000, 1.00000000, 1.00000000, 0.00000000, 2.50000000, 3.50000000, 1.18321596
0.29000000, 1.00000000, 1.00000000, 0.00000000, 2.50000000, 3.50000000, 1.18321596
0.29100000, 1.00000000, 1.00000000, 0.00000000, 2.50000000, 3.50000000, 1.18321596
0.29200000, 1.00000000, 1.00000000, 0.00000000, 2.50000000, 3.50000000, 1.18321596
0.29300000, 1.00000000, 1.00000000, 0.00000000, 2.50000000, 3.50000000, 1.18321596
0.29400000, 1.00000000, 1.00000000, 0.00000000, 2.50000000, 3.50000000, 1.18321596
0.29500000, 1.00000000, 1.00000000, 0.00000000, 2.50000000, 3.50000000, 1.18321596
0.29600000, 1.00000000, 1.00000000, 0.00000000, 2.50000000, 3.50000000, 1.18321596
0.29700000, 1.00000000, 1.00000000, 0.00000000, 2.50000000, 3.50000000, 1.18321596
0.29800000, 1.00000000, 1.00000000, 0.00000000, 2.50000000, 3.50000000, 1.18321596
0.29900000, 1.00000000, 1.00000000, 0.00000000, 2.50000000, 3.50000000, 1.18321596
0.30000000, 1.00000000, 1.00000000, 0.00000000, 2.50000000, 3.50000000, 1.18321596
0.30100000, 1.00000000, 1.00000000, 0.00000000, 2.50000000, 3.50000000, 1.18321596
0.30200000, 1.00000000, 1.00000000, 0.00000000, 2.50000000, 3.50000000, 1.18321596
0.30300000, 1.00000000, 1.00000000, 0.00000000, 2.50000000, 3.50000000, 1.18321596
0.30400000, 1.00000000, 1.00000000, 0.00000000, 2.50000000, 3.50000000, 1.18321596
0.30500000, 1.00000000, 1.00000000, 0.00000000, 2.50000000, 3.50000000, 1.18321596
0.30600000, 1.00000000, 1.00000000, 0.00000000, 2.50000000, 3.50000000, 1.18321596
0.30700000, 1.00000000, 1.00000000, 0.00000000, 2.50000000, 3.50000000, 1.18321596
0.30800000, 1.00000000, 1.00000000, 0.00000000, 2.50000000, 3.50000000, 1.18321596
0.30900000, 1.00000000, 1.00000000, 0.00000000, 2.50000000, 3.50000000, 1.18321596
0.31000000, 1.00000000, 1.00000000, 0.00000000, 2.50000000, 3.50000000, 1.18321596
0.31100000, 1.00000000, 1.00000000, 0.00000000, 2.50000000, 3.50000000, 1.18321596
0.31200000, 1.00000000, 1.00000000, 0.00000000, 2.50000000, 3.50000000, 1.18321596
0.31300000, 1.00000000, 1.00000000, 0.00000000, 2.50000000, 3.50000000, 1.18321596
0.31400000, 1.00000000, 1.00000000, 0.00000000, 2.50000000, 3.50000000, 1.18321596
0.31500000, 1.00000000, 1.00000000, 0.00000000, 2.50000000, 3.50000000, 1.18321596
0.31600000, 1.00000000, 1.00000000, 0.00000000, 2.50000000, 3.50000000, 1.18321596
0.31700000, 1.00000000, 1.00000000, 0.00000000, 2.50000000, 3.50000000, 1.18321596
0.31800000, 1.00000000, 1.00000000, 0.00000000, 2.50000000, 3.50000000, 1.18321596
0.31900000, 1.00000000, 1.00000000, 0.00000000, 2.50000000, 3.50000000, 1.18321596
0.32000000, 1.00000000, 1.00000000, 0.00000000, 2.50000000, 3.50000000, 1.18321596
0.32100000, 1.00000000, 1.00000000, 0.00000000, 2.50000000, 3.50000000, 1.18321596
0.32200000, 1.00000000, 1.00000000, 0.00000000, 2.50000000, 3.50000000, 1.18321596
0.32300000, 1.00000000, 1.00000000, 0.00000000, 2.50000000, 3.50000000, 1.18321596
0.32400000, 1.00000000, 1.00000000, 0.00000000, 2.50000000, 3.50000000, 1.18321596
0.32500000, 1.00000000, 1.00000000, 0.00000000, 2.50000000, 3.50000000, 1.18321596
0.32600000, 1.00000000, 1.00000000, 0.00000000, 2.50000000, 3.50000000, 1.18321596
0.32700000, 1.00000000, 1.00000000, 0.00000000, 2.50000000, 3.50000000, 1.18321596
0.32800000, 1.00000000, 1.00000000, 0.00000000, 2.50000000, 3.50000000, 1.18321596
0.32900000, 1.00000000, 1.00000000, 0.00000000, 2.50000000, 3.50000000, 1.18321596
0.33000000, 1.00000000, 1.00000000, 0.00000000, 2.50000000, 3.50000000, 1.18321596
0.33100000, 1.00000000, 1.00000000, 0.00000000, 2.50000000, 3.50000000, 1.18321596
0.33200000, 1.00000000, 1.00000000, 0.00000000, 2.50000000, 3.50000000, 1.18321596
0.33300000, 1.00000000, 1.00000000, 0.00000000, 2.50000000, 3.50000000, 1.18321596
0.33400000, 1.00000000, 1.00000000, 0.00000000, 2.50000000, 3.50000000, 1.18321596
0.33500000, 1.00000000, 1.00000000, 0.00000000, 2.50000000, 3.50000000, 1.18321596
0.33600000, 1.00000000, 1.00000000, 0.00000000, 2.50000000, 3.50000000, 1.18321596
0.33700000, 1.00000000, 1.00000000, 0.00000000, 2.50000000, 3.50000000, 1.18321596
0.33800000, 1.00000000, 1.00000000, 0.00000000, 2.50000000, 3.50000000, 1.18321596
0.33900000, 1.00000000, 1.00000000, 0.00000000, 2.50000000, 3.50000000, 1.18321596
0.34000000, 1.00000000, 1.00000000, 0.00000000, 2.50000000, 3.50000000, 1.18321596
0.34100000, 1.00000000, 1.00000000, 0.00000000, 2.50000000, 3.50000000, 1.18321596
0.34200000, 1.00000000, 1.00000000, 0.00000000, 2.50000000, 3.50000000, 1.18321596
0.34300000, 1.00000000, 1.00000000, 0.00000000, 2.50000000, 3.50000000, 1.18321596
0.34400000, 1.00000000, 1.00000000, 0.00000000, 2.50000000, 3.50000000, 1.18321596
0.34500000, 1.00000000, 1.00000000, 0.00000000, 2.50000000, 3.50000000, 1.18321596
0.34600000, 1.00000000, 1.00000000, 0.00000000, 2.50000000, 3.50000000, 1.18321596
0.34700000, 1.00000000, 1.00000000, 0.00000000, 2.50000000, 3.50000000, 1.18321596
0.34800000, 1.00000000, 1.00000000, 0.00000000, 2.50000000, 3.50000000, 1.18321596
0.34900000, 1.00000000, 1.00000000, 0.00000000, 2.50000000, 3.50000000, 1.18321596
0.35000000, 1.00000000, 1.00000000, 0.00000000, 2.50000000, 3.50000000, 1.18321596
0.35100000, 1.00000000, 1.00000000, 0.00000000, 2.50000000, 3.50000000, 1.18321596
0.35200000, 1.00000000, 1.00000000, 0.00000000, 2.50000000, 3.50000000, 1.18321596
0.35300000, 1.00000000, 1.00000000, 0.00000000, 2.50000000, 3.50000000, 1.18321596
0.35400000, 1.00000000, 1.00000000, 0.00000000, 2.50000000, 3.50000000, 1.18321596
0.35500000, 1.00000000, 1.00000000, 0.00000000, 2.50000000, 3.50000000, 1.18321596
0.35600000, 1.00000000, 1.00000000, 0.00000000, 2.50000000, 3.50000000, 1.18321596
0.35700000, 1.00000000, 1.00000000, 0.00000000, 2.50000000, 3.50000000, 1.18321596
0.35800000, 1.00000000, 1.00000000, 0.00000000, 2.50000000, 3.50000000, 1.18321596
0.35900000, 1.00000000, 1.00000000, 0.00000000, 2.50000000, 3.50000000, 1.18321596
0.36000000, 1.00000000, 1.00000000, 0.00000000, 2.50000000, 3.50000000, 1.18321596
0.36100000, 1.00000000, 1.00000000, 0.00000000, 2.50000000, 3.50000000, 1.18321596
0.36200000, 1.00000000, 1.00000000, 0.00000000, 2.50000000, 3.50000000, 1.18321596
0.36300000, 1.00000000, 1.00000000, 0.00000000, 2.50000000, 3.50000000, 1.18321596
0.36400000, 1.00000000, 1.00000000, 0.00000000, 2.50000000, 3.50000000, 1.18321596
0.36500000, 1.00000000, 1.00000000, 0.00000000, 2.50000000, 3.50000000, 1.18321596
0.36600000, 1.00000000, 1.00000000, 0.00000000, 2.50000000, 3.50000000, 1.18321596
0.36700000, 1.00000000, 1.00000000, 0.00000000, 2.50000000, 3.50000000, 1.18321596
0.36800000, 1.00000000, 1.00000000, 0.00000000, 2.50000000, 3.50000000, 1.18321596
0.36900000, 1.00000000, 1.00000000, 0.00000000, 2.50000000, 3.50000000, 1.18321596
0.37000000, 1.00000000, 1.00000000, 0.00000000, 2.50000000, 3.50000000, 1.18321596
0.37100000, 1.00000000, 1.00000000, 0.00000000, 2.50000000, 3.50000000, 1.18321596
0.37200000, 1.00000000, 1.00000000, 0.00000000, 2.50000000, 3.50000000, 1.18321596
0.37300000, 1.00000000, 1.00000000, 0.00000000, 2.50000000, 3.50000000, 1.18321596
0.37400000, 1.00000000, 1.00000000, 0.00000000, 2.50000000, 3.50000000, 1.18321596
0.37500000, 1.00000000, 1.00000000, 0.00000000, 2.50000000, 3.50000000, 1.18321596
0.37600000, 1.00000000, 1.00000000, 0.00000000, 2.50000000, 3.50000000, 1.18321596
0.37700000, 1.00000000, 1.00000000, 0.00000000, 2.50000000, 3.50000000, 1.18321596
0.37800000, 1.00000000, 1.00000000, 0.00000000, 2.50000000, 3.50000000, 1.18321596
0.37900000, 1.00000000, 1.00000000, 0.00000000, 2.50000000, 3.50000000, 1.18321596
0.38000000, 1.00000000, 1.00000000, 0.00000000, 2.50000000, 3.50000000, 1.18321596
0.38100000, 1.00000000, 1.00000000, 0.00000000, 2.50000000, 3.50000000, 1.18321596
0.38200000, 1.00000000, 1.00000000, 0.00000000, 2.50000000, 3.50000000, 1.18321596
0.38300000, 1.00000000, 1.00000000, 0.00000000, 2.50000000, 3.50000000, 1.18321596
0.38400000, 1.00000000, 1.00000000, 0.00000000, 2.50000000, 3.50000000, 1.18321596
0.38500000, 1.00000000, 1.00000000, 0.00000000, 2.50000000, 3.50000000, 1.18321596
0.38600000, 1.00000000, 1.00000000, 0.00000000, 2.50000000, 3.50000000, 1.18321596
0.38700000, 1.00000000, 1.00000000, 0.00000000, 2.50000000, 3.50000000, 1.18321596
0.38800000, 1.00000000, 1.00000000, 0.00000000, 2.50000000, 3.50000000, 1.18321596
0.38900000, 1.00000000, 1.00000000, 0.00000000, 2.50000000, 3.50000000, 1.18321596
0.39000000, 1.00000000, 1.00000000, 0.00000000, 2.50000000, 3.50000000, 1.18321596
0.39100000, 1.00000000, 1.00000000, 0.00000000, 2.50000000, 3.50000000, 1.18321596
0.39200000, 1.00000000, 1.00000000, 0.00000000, 2.50000000, 3.50000000, 1.18321596
0.39300000, 1.00000000, 1.00000000, 0.00000000, 2.50000000, 3.50000000, 1.18321596
0.39400000, 1.00000000, 1.00000000, 0.00000000, 2.50000000, 3.50000000, 1.18321596
0.39500000, 1.00000000, 1.00000000, 0.00000000, 2.50000000, 3.50000000, 1.18321596
0.39600000, 1.00000000, 1.00000000, 0.00000000, 2.50000000, 3.50000000, 1.18321596
0.39700000, 1.00000000, 1.00000000, 0.00000000, 2.50000000, 3.50000000, 1.18321596
0.39800000, 1.00000000, 1.00000000, 0.00000000, 2.50000000, 3.50000000, 1.18321596
0.39900000, 1.00000000, 1.00000000, 0.00000000, 2.50000000, 3.50000000, 1.18321596
0.40000000, 1.00000000, 1.00000000, 0.00000000, 2.50000000, 3.50000000, 1.18321596
0.40100000, 1.00000000, 1.00000000, 0.00000000, 2.50000000, 3.50000000, 1.18321596
0.40200000, 1.00000000, 1.00000000, 0.00000000, 2.50000000, 3.50000000, 1.18321596
0.40300000, 1.00000000, 1.00000000, 0.00000000, 2.50000000, 3.50000000, 1.18321596
0.40400000, 1.00000000, 1.00000000, 0.00000000, 2.50000000, 3.50000000, 1.18321596
0.40500000, 1.00000000, 1.00000000, 0.00000000, 2.50000000, 3.50000000, 1.18321596
0.40600000, 1.00000000, 1.00000000, 0.00000000, 2.50000000, 3.50000000, 1.18321596
0.40700000, 1.00000000, 1.00000000, 0.00000000, 2.50000000, 3.50000000, 1.18321596
0.40800000, 1.00000000, 1.00000000, 0.00000000, 2.50000000, 3.50000000, 1.18321596
0.40900000, 1.00000000, 1.00000000, 0.00000000, 2.50000000, 3.50000000, 1.18321596
0.41000000, 1.00000000, 1.00000000, 0.00000000, 2.50000000, 3.50000000, 1.18321596
0.41100000, 1.00000000, 1.00000000, 0.00000000, 2.50000000, 3.50000000, 1.18321596
0.41200000, 1.00000000, 1.00000000, 0.00000000, 2.50000000, 3.50000000, 1.18321596
0.41300000, 1.00000000, 1.00000000, 0.00000000, 2.50000000, 3.50000000, 1.18321596
0.41400000, 1.00000000, 1.00000000, 0.00000000, 2.50000000, 3.50000000, 1.18321596
0.41500000, 1.00000000, 1.00000000, 0.00000000, 2.50000000, 3.50000000, 1.18321596
0.41600000, 1.00000000, 1.00000000, 0.00000000, 2.50000000, 3.50000000, 1.18321596
0.41700000, 1.00000000, 1.00000000, 0.00000000, 2.50000000, 3.50000000, 1.18321596
0.41800000, 1.00000000, 1.00000000, 0.00000000, 2.50000000, 3.50000000, 1.18321596
0.41900000, 1.00000000, 1.00000000, 0.00000000, 2.50000000, 3.50000000, 1.18321596
0.42000000, 1.00000000, 1.00000000, 0.00000000, 2.50000000, 3.50000000, 1.18321596
0.42100000, 1.00000000, 1.00000000, 0.00000000, 2.50000000, 3.50000000, 1.18321596
0.42200000, 1.00000000, 1.00000000, 0.00000000, 2.50000000, 3.50000000, 1.18321596
0.42300000, 1.00000000, 1.00000000, 0.00000000, 2.50000000, 3.50000000, 1.18321596
0.42400000, 1.00000000, 1.00000000, 0.00000000, 2.50000000, 3.50000000, 1.18321596
0.42500000, 1.00000000, 1.00000000, 0.00000000, 2.50000000, 3.50000000, 1.18321596
0.42600000, 1.00000000, 1.00000000, 0.00000000, 2.50000000, 3.50000000, 1.18321596
0.42700000, 1.00000000, 1.00000000, 0.00000000, 2.50000000, 3.50000000, 1.18321596
0.42800000, 1.00000000, 1.00000000, 0.00000000, 2.50000000, 3.50000000, 1.18321596
0.42900000, 1.00000000, 1.00000000, 0.00000000, 2.50000000, 3.50000000, 1.18321596
0.43000000, 1.00000000, 1.00000000, 0.00000000, 2.50000000, 3.50000000, 1.18321596
0.43100000, 1.00000000, 1.00000000, 0.00000000, 2.50000000, 3.50000000, 1.18321596
0.43200000, 1.00000000, 1.00000000, 0.00000000, 2.50000000, 3.50000000, 1.18321596
0.43300000, 1.00000000, 1.00000000, 0.00000000, 2.50000000, 3.50000000, 1.18321596
0.43400000, 1.00000000, 1.00000000, 0.00000000, 2.50000000, 3.50000000, 1.18321596
0.43500000, 1.00000000, 1.00000000, 0.00000000, 2.50000000, 3.50000000, 1.18321596
0.43600000, 1.00000000, 1.00000000, 0.00000000, 2.50000000, 3.50000000, 1.18321596
0.43700000, 1.00000000, 1.00000000, 0.00000000, 2.50000000, 3.50000000, 1.18321596
0.43800000, 1.00000000, 1.00000000, 0.00000000, 2.50000000, 3.50000000, 1.18321596
0.43900000, 1.00000000, 1.00000000, 0.00000000, 2.50000000, 3.50000000, 1.18321596
0.44000000, 1.00000000, 1.00000000, 0.00000000, 2.50000000, 3.50000000, 1.18321596
0.44100000, 1.00000000, 1.00000000, 0.00000000, 2.50000000, 3.50000000, 1.18321596
0.44200000, 1.00000000, 1.00000000, 0.00000000, 2.50000000, 3.50000000, 1.18321596
0.44300000, 1.00000000, 1.00000000, 0.00000000, 2.50000000, 3.50000000, 1.18321596
0.44400000, 1.00000000, 1.00000000, 0.00000000, 2.50000000, 3.50000000, 1.18321596
0.44500000, 1.00000000, 1.00000000, 0.00000000, 2.50000000, 3.50000000, 1.18321596
0.44600000, 1.00000000, 1.00000000, 0.00000000, 2.50000000, 3.50000000, 1.18321596
0.44700000, 1.00000000, 1.00000000, 0.00000000, 2.50000000, 3.50000000, 1.18321596
0.44800000, 1.00000000, 1.00000000, 0.00000000, 2.50000000, 3.50000000, 1.18321596
0.44900000, 1.00000000, 1.00000000, 0.00000000, 2.50000000, 3.50000000, 1.18321596
0.45000000, 1.00000000, 1.00000000, 0.00000000, 2.50000000, 3.50000000, 1.18321596
0.45100000, 1.00000000, 1.00000000, 0.00000000, 2.50000000, 3.50000000, 1.18321596
0.45200000, 1.00000000, 1.00000000, 0.00000000, 2.50000000, 3.50000000, 1.18321596
0.45300000, 1.00000000, 1.00000000, 0.00000000, 2.50000000, 3.50000000, 1.18321596
0.45400000, 1.00000000, 1.00000000, 0.00000000, 2.50000000, 3.50000000, 1.18321596
0.45500000, 1.00000000, 1.00000000, 0.00000000, 2.50000000, 3.50000000, 1.18321596
0.45600000, 1.00000000, 1.00000000, 0.00000000, 2.50000000, 3.50000000, 1.18321596
0.45700000, 1.00000000, 1.00000000, 0.00000000, 2.50000000, 3.50000000, 1.18321596
0.45800000, 1.00000000, 1.00000000, 0.00000000, 2.50000000, 3.50000000, 1.18321596
0.45900000, 1.00000000, 1.00000000, 0.00000000, 2.50000000, 3.50000000, 1.18321596
0.46000000, 1.00000000, 1.00000000, 0.00000000, 2.50000000, 3.50000000, 1.18321596
0.46100000, 1.00000000, 1.00000000, 0.00000000, 2.50000000, 3.50000000, 1.18321596
0.46200000, 1.00000000, 1.00000000, 0.00000000, 2.50000000, 3.50000000, 1.18321596
0.46300000, 1.00000000, 1.00000000, 0.00000000, 2.50000000, 3.50000000, 1.18321596
0.46400000, 1.00000000, 1.00000000, 0.00000000, 2.50000000, 3.50000000, 1.18321596
0.46500000, 1.00000000, 1.00000000, 0.00000000, 2.50000000, 3.50000000, 1.18321596
0.46600000, 1.00000000, 1.00000000, 0.00000000, 2.50000000, 3.50000000, 1.18321596
0.46700000, 1.00000000, 1.00000000, 0.00000000, 2.50000000, 3.50000000, 1.18321596
0.46800000, 1.00000000, 1.00000000, 0.00000000, 2.50000000, 3.50000000, 1.18321596
0.46900000, 1.00000000, 1.00000000, 0.00000000, 2.50000000, 3.50000000, 1.18321596
0.47000000, 1.00000000, 1.00000000, 0.00000000, 2.50000000, 3.50000000, 1.18321596
0.47100000, 1.00000000, 1.00000000, 0.00000000, 2.50000000, 3.50000000, 1.18321596
0.47200000, 1.00000000, 1.00000000, 0.00000000, 2.50000000, 3.50000000, 1.18321596
0.47300000, 1.00000000, 1.00000000, 0.00000000, 2.50000000, 3.50000000, 1.18321596
0.47400000, 1.00000000, 1.00000000, 0.00000000, 2.50000000, 3.50000000, 1.18321596
0.47500000, 1.00000000, 1.00000000, 0.00000000, 2.50000000, 3.50000000, 1.18321596
0.47600000, 1.00000000, 1.00000000, 0.00000000, 2.50000000, 3.50000000, 1.18321596
0.47700000, 1.00000000, 1.00000000, 0.00000000, 2.50000000, 3.50000000, 1.18321596
0.47800000, 1.00000000, 1.00000000, 0.00000000, 2.50000000, 3.50000000, 1.18321596
0.47900000, 1.00000000, 1.00000000, 0.00000000, 2.50000000, 3.50000000, 1.18321596
0.48000000, 1.00000000, 1.00000000, 0.00000000, 2.50000000, 3.50000000, 1.18321596
0.48100000, 1.00000000, 1.00000000, 0.00000000, 2.50000000, 3.50000000, 1.18321596
0.48200000, 1.00000000, 1.00000000, 0.00000000, 2.50000000, 3.50000000, 1.18321596
0.48300000, 1.00000000, 1.00000000, 0.00000000, 2.50000000, 3.50000000, 1.18321596
0.48400000, 1.00000000, 1.00000000, 0.00000000, 2.50000000, 3.50000000, 1.18321596
0.48500000, 1.00000000, 0.99999999, 0.00000000, 2.49999999, 3.49999999, 1.18321596
0.48600000, 0.99999997, 0.99999996, 0.00000003, 2.49999991, 3.49999996, 1.18321595
0.48700000, 0.99999983, 0.99999976, 0.00000020, 2.49999941, 3.49999976, 1.18321592
0.48800000, 0.99999900, 0.99999861, 0.00000118, 2.49999651, 3.49999861, 1.18321572
0.48900000, 0.99999456, 0.99999238, 0.00000644, 2.49998095, 3.49999238, 1.18321467
0.49000000, 0.99997275, 0.99996185, 0.00003224, 2.49990463, 3.49996185, 1.18320951
0.49100000, 0.99987606, 0.99982650, 0.00014664, 2.49956627, 3.49982654, 1.18318663
0.49200000, 0.99949281, 0.99929022, 0.00059999, 2.49822572, 3.49929073, 1.18309603
0.49300000, 0.99815394, 0.99741879, 0.00218322, 2.49354935, 3.49742459, 1.18278015
0.49400000, 0.99410187, 0.99177185, 0.00697271, 2.47945379, 3.49182086, 1.18182851
0.49500000, 0.98369847, 0.97737087, 0.01927791, 2.44360996, 3.47767220, 1.17940432
0.49600000, 0.96161897, 0.94718979, 0.04551197, 2.36897040, 3.44851785, 1.17430527
0.49700000, 0.92449163, 0.89722163, 0.09075777, 2.24686159, 3.40087799, 1.16563451
0.49800000, 0.87338209, 0.83292567, 0.15032068, 2.09218179, 3.34917271, 1.15548683
0.49900000, 0.76229330, 0.69678615, 0.29153194, 1.77435936, 3.24172534, 1.13123471
0.50000000, -1.#IND0000, -1.#IND0000, -1.#IND0000, -1.#IND0000, -1.#IND0000, -1.#IND0000
0.50100000, -1.#IND0000, -1.#IND0000, -1.#IND0000, -1.#IND0000, -1.#IND0000, -1.#IND0000
0.50200000, 0.32317377, 0.27508747, 0.90806900, 0.82096150, 3.39151591, 1.09164486
0.50300000, 0.21784595, 0.21944052, 0.65963910, 0.59599627, 3.74318078, 1.18753845
0.50400000, 0.16687812, 0.15597757, 0.35606268, 0.40052238, 3.33476878, 1.14391931
0.50500000, 0.14036119, 0.11892968, 0.13439314, 0.29859177, 2.97462177, 1.08914480
0.50600000, 0.12936300, 0.10504241, 0.03757958, 0.26269737, 2.84269677, 1.06620648
0.50700000, 0.12602341, 0.10115527, 0.00871089, 0.25289295, 2.80938457, 1.06006540
0.50800000, 0.12521207, 0.10023793, 0.00179778, 0.25059503, 2.80191012, 1.05866114
0.50900000, 0.12504004, 0.10004486, 0.00033906, 0.25011215, 2.80035911, 1.05836838
0.51000000, 0.12500697, 0.10000781, 0.00005900, 0.25001951, 2.80006245, 1.05831233
0.51100000, 0.12500113, 0.10000126, 0.00000953, 0.25000315, 2.80001008, 1.05830243
0.51200000, 0.12500017, 0.10000019, 0.00000143, 0.25000047, 2.80000152, 1.05830081
0.51300000, 0.12500002, 0.10000003, 0.00000020, 0.25000007, 2.80000021, 1.05830056
0.51400000, 0.12500000, 0.10000000, 0.00000003, 0.25000001, 2.80000003, 1.05830053
0.51500000, 0.12500000, 0.10000000, 0.00000000, 0.25000000, 2.80000000, 1.05830053
0.51600000, 0.12500000, 0.10000000, 0.00000000, 0.25000000, 2.80000000, 1.05830052
0.51700000, 0.12500000, 0.10000000, 0.00000000, 0.25000000, 2.80000000, 1.05830052
0.51800000, 0.12500000, 0.10000000, 0.00000000, 0.25000000, 2.80000000, 1.05830052
0.51900000, 0.12500000, 0.10000000, 0.00000000, 0.25000000, 2.80000000, 1.05830052
0.52000000, 0.12500000, 0.10000000, 0.00000000, 0.25000000, 2.80000000, 1.05830052
0.52100000, 0.12500000, 0.10000000, 0.00000000, 0.25000000, 2.80000000, 1.05830052
0.52200000, 0.12500000, 0.10000000, 0.00000000, 0.25000000, 2.80000000, 1.05830052
0.52300000, 0.12500000, 0.10000000, 0.00000000, 0.25000000, 2.80000000, 1.05830052
0.52400000, 0.12500000, 0.10000000, 0.00000000, 0.25000000, 2.80000000, 1.05830052
0.52500000, 0.12500000, 0.10000000, 0.00000000, 0.25000000, 2.80000000, 1.05830052
0.52600000, 0.12500000, 0.10000000, 0.00000000, 0.25000000, 2.80000000, 1.05830052
0.52700000, 0.12500000, 0.10000000, 0.00000000, 0.25000000, 2.80000000, 1.05830052
0.52800000, 0.12500000, 0.10000000, 0.00000000, 0.25000000, 2.80000000, 1.05830052
0.52900000, 0.12500000, 0.10000000, 0.00000000, 0.25000000, 2.80000000, 1.05830052
0.53000000, 0.12500000, 0.10000000, 0.00000000, 0.25000000, 2.80000000, 1.05830052
0.53100000, 0.12500000, 0.10000000, 0.00000000, 0.25000000, 2.80000000, 1.05830052
0.53200000, 0.12500000, 0.10000000, 0.00000000, 0.25000000, 2.80000000, 1.05830052
0.53300000, 0.12500000, 0.10000000, 0.00000000, 0.25000000, 2.80000000, 1.05830052
0.53400000, 0.12500000, 0.10000000, 0.00000000, 0.25000000, 2.80000000, 1.05830052
0.53500000, 0.12500000, 0.10000000, 0.00000000, 0.25000000, 2.80000000, 1.05830052
0.53600000, 0.12500000, 0.10000000, 0.00000000, 0.25000000, 2.80000000, 1.05830052
0.53700000, 0.12500000, 0.10000000, 0.00000000, 0.25000000, 2.80000000, 1.05830052
0.53800000, 0.12500000, 0.10000000, 0.00000000, 0.25000000, 2.80000000, 1.05830052
0.53900000, 0.12500000, 0.10000000, 0.00000000, 0.25000000, 2.80000000, 1.05830052
0.54000000, 0.12500000, 0.10000000, 0.00000000, 0.25000000, 2.80000000, 1.05830052
0.54100000, 0.12500000, 0.10000000, 0.00000000, 0.25000000, 2.80000000, 1.05830052
0.54200000, 0.12500000, 0.10000000, 0.00000000, 0.25000000, 2.80000000, 1.05830052
0.54300000, 0.12500000, 0.10000000, 0.00000000, 0.25000000, 2.80000000, 1.05830052
0.54400000, 0.12500000, 0.10000000, 0.00000000, 0.25000000, 2.80000000, 1.05830052
0.54500000, 0.12500000, 0.10000000, 0.00000000, 0.25000000, 2.80000000, 1.05830052
0.54600000, 0.12500000, 0.10000000, 0.00000000, 0.25000000, 2.80000000, 1.05830052
0.54700000, 0.12500000, 0.10000000, 0.00000000, 0.25000000, 2.80000000, 1.05830052
0.54800000, 0.12500000, 0.10000000, 0.00000000, 0.25000000, 2.80000000, 1.05830052
0.54900000, 0.12500000, 0.10000000, 0.00000000, 0.25000000, 2.80000000, 1.05830052
0.55000000, 0.12500000, 0.10000000, 0.00000000, 0.25000000, 2.80000000, 1.05830052
0.55100000, 0.12500000, 0.10000000, 0.00000000, 0.25000000, 2.80000000, 1.05830052
0.55200000, 0.12500000, 0.10000000, 0.00000000, 0.25000000, 2.80000000, 1.05830052
0.55300000, 0.12500000, 0.10000000, 0.00000000, 0.25000000, 2.80000000, 1.05830052
0.55400000, 0.12500000, 0.10000000, 0.00000000, 0.25000000, 2.80000000, 1.05830052
0.55500000, 0.12500000, 0.10000000, 0.00000000, 0.25000000, 2.80000000, 1.05830052
0.55600000, 0.12500000, 0.10000000, 0.00000000, 0.25000000, 2.80000000, 1.05830052
0.55700000, 0.12500000, 0.10000000, 0.00000000, 0.25000000, 2.80000000, 1.05830052
0.55800000, 0.12500000, 0.10000000, 0.00000000, 0.25000000, 2.80000000, 1.05830052
0.55900000, 0.12500000, 0.10000000, 0.00000000, 0.25000000, 2.80000000, 1.05830052
0.56000000, 0.12500000, 0.10000000, 0.00000000, 0.25000000, 2.80000000, 1.05830052
0.56100000, 0.12500000, 0.10000000, 0.00000000, 0.25000000, 2.80000000, 1.05830052
0.56200000, 0.12500000, 0.10000000, 0.00000000, 0.25000000, 2.80000000, 1.05830052
0.56300000, 0.12500000, 0.10000000, 0.00000000, 0.25000000, 2.80000000, 1.05830052
0.56400000, 0.12500000, 0.10000000, 0.00000000, 0.25000000, 2.80000000, 1.05830052
0.56500000, 0.12500000, 0.10000000, 0.00000000, 0.25000000, 2.80000000, 1.05830052
0.56600000, 0.12500000, 0.10000000, 0.00000000, 0.25000000, 2.80000000, 1.05830052
0.56700000, 0.12500000, 0.10000000, 0.00000000, 0.25000000, 2.80000000, 1.05830052
0.56800000, 0.12500000, 0.10000000, 0.00000000, 0.25000000, 2.80000000, 1.05830052
0.56900000, 0.12500000, 0.10000000, 0.00000000, 0.25000000, 2.80000000, 1.05830052
0.57000000, 0.12500000, 0.10000000, 0.00000000, 0.25000000, 2.80000000, 1.05830052
0.57100000, 0.12500000, 0.10000000, 0.00000000, 0.25000000, 2.80000000, 1.05830052
0.57200000, 0.12500000, 0.10000000, 0.00000000, 0.25000000, 2.80000000, 1.05830052
0.57300000, 0.12500000, 0.10000000, 0.00000000, 0.25000000, 2.80000000, 1.05830052
0.57400000, 0.12500000, 0.10000000, 0.00000000, 0.25000000, 2.80000000, 1.05830052
0.57500000, 0.12500000, 0.10000000, 0.00000000, 0.25000000, 2.80000000, 1.05830052
0.57600000, 0.12500000, 0.10000000, 0.00000000, 0.25000000, 2.80000000, 1.05830052
0.57700000, 0.12500000, 0.10000000, 0.00000000, 0.25000000, 2.80000000, 1.05830052
0.57800000, 0.12500000, 0.10000000, 0.00000000, 0.25000000, 2.80000000, 1.05830052
0.57900000, 0.12500000, 0.10000000, 0.00000000, 0.25000000, 2.80000000, 1.05830052
0.58000000, 0.12500000, 0.10000000, 0.00000000, 0.25000000, 2.80000000, 1.05830052
0.58100000, 0.12500000, 0.10000000, 0.00000000, 0.25000000, 2.80000000, 1.05830052
0.58200000, 0.12500000, 0.10000000, 0.00000000, 0.25000000, 2.80000000, 1.05830052
0.58300000, 0.12500000, 0.10000000, 0.00000000, 0.25000000, 2.80000000, 1.05830052
0.58400000, 0.12500000, 0.10000000, 0.00000000, 0.25000000, 2.80000000, 1.05830052
0.58500000, 0.12500000, 0.10000000, 0.00000000, 0.25000000, 2.80000000, 1.05830052
0.58600000, 0.12500000, 0.10000000, 0.00000000, 0.25000000, 2.80000000, 1.05830052
0.58700000, 0.12500000, 0.10000000, 0.00000000, 0.25000000, 2.80000000, 1.05830052
0.58800000, 0.12500000, 0.10000000, 0.00000000, 0.25000000, 2.80000000, 1.05830052
0.58900000, 0.12500000, 0.10000000, 0.00000000, 0.25000000, 2.80000000, 1.05830052
0.59000000, 0.12500000, 0.10000000, 0.00000000, 0.25000000, 2.80000000, 1.05830052
0.59100000, 0.12500000, 0.10000000, 0.00000000, 0.25000000, 2.80000000, 1.05830052
0.59200000, 0.12500000, 0.10000000, 0.00000000, 0.25000000, 2.80000000, 1.05830052
0.59300000, 0.12500000, 0.10000000, 0.00000000, 0.25000000, 2.80000000, 1.05830052
0.59400000, 0.12500000, 0.10000000, 0.00000000, 0.25000000, 2.80000000, 1.05830052
0.59500000, 0.12500000, 0.10000000, 0.00000000, 0.25000000, 2.80000000, 1.05830052
0.59600000, 0.12500000, 0.10000000, 0.00000000, 0.25000000, 2.80000000, 1.05830052
0.59700000, 0.12500000, 0.10000000, 0.00000000, 0.25000000, 2.80000000, 1.05830052
0.59800000, 0.12500000, 0.10000000, 0.00000000, 0.25000000, 2.80000000, 1.05830052
0.59900000, 0.12500000, 0.10000000, 0.00000000, 0.25000000, 2.80000000, 1.05830052
0.60000000, 0.12500000, 0.10000000, 0.00000000, 0.25000000, 2.80000000, 1.05830052
0.60100000, 0.12500000, 0.10000000, 0.00000000, 0.25000000, 2.80000000, 1.05830052
0.60200000, 0.12500000, 0.10000000, 0.00000000, 0.25000000, 2.80000000, 1.05830052
0.60300000, 0.12500000, 0.10000000, 0.00000000, 0.25000000, 2.80000000, 1.05830052
0.60400000, 0.12500000, 0.10000000, 0.00000000, 0.25000000, 2.80000000, 1.05830052
0.60500000, 0.12500000, 0.10000000, 0.00000000, 0.25000000, 2.80000000, 1.05830052
0.60600000, 0.12500000, 0.10000000, 0.00000000, 0.25000000, 2.80000000, 1.05830052
0.60700000, 0.12500000, 0.10000000, 0.00000000, 0.25000000, 2.80000000, 1.05830052
0.60800000, 0.12500000, 0.10000000, 0.00000000, 0.25000000, 2.80000000, 1.05830052
0.60900000, 0.12500000, 0.10000000, 0.00000000, 0.25000000, 2.80000000, 1.05830052
0.61000000, 0.12500000, 0.10000000, 0.00000000, 0.25000000, 2.80000000, 1.05830052
0.61100000, 0.12500000, 0.10000000, 0.00000000, 0.25000000, 2.80000000, 1.05830052
0.61200000, 0.12500000, 0.10000000, 0.00000000, 0.25000000, 2.80000000, 1.05830052
0.61300000, 0.12500000, 0.10000000, 0.00000000, 0.25000000, 2.80000000, 1.05830052
0.61400000, 0.12500000, 0.10000000, 0.00000000, 0.25000000, 2.80000000, 1.05830052
0.61500000, 0.12500000, 0.10000000, 0.00000000, 0.25000000, 2.80000000, 1.05830052
0.61600000, 0.12500000, 0.10000000, 0.00000000, 0.25000000, 2.80000000, 1.05830052
0.61700000, 0.12500000, 0.10000000, 0.00000000, 0.25000000, 2.80000000, 1.05830052
0.61800000, 0.12500000, 0.10000000, 0.00000000, 0.25000000, 2.80000000, 1.05830052
0.61900000, 0.12500000, 0.10000000, 0.00000000, 0.25000000, 2.80000000, 1.05830052
0.62000000, 0.12500000, 0.10000000, 0.00000000, 0.25000000, 2.80000000, 1.05830052
0.62100000, 0.12500000, 0.10000000, 0.00000000, 0.25000000, 2.80000000, 1.05830052
0.62200000, 0.12500000, 0.10000000, 0.00000000, 0.25000000, 2.80000000, 1.05830052
0.62300000, 0.12500000, 0.10000000, 0.00000000, 0.25000000, 2.80000000, 1.05830052
0.62400000, 0.12500000, 0.10000000, 0.00000000, 0.25000000, 2.80000000, 1.05830052
0.62500000, 0.12500000, 0.10000000, 0.00000000, 0.25000000, 2.80000000, 1.05830052
0.62600000, 0.12500000, 0.10000000, 0.00000000, 0.25000000, 2.80000000, 1.05830052
0.62700000, 0.12500000, 0.10000000, 0.00000000, 0.25000000, 2.80000000, 1.05830052
0.62800000, 0.12500000, 0.10000000, 0.00000000, 0.25000000, 2.80000000, 1.05830052
0.62900000, 0.12500000, 0.10000000, 0.00000000, 0.25000000, 2.80000000, 1.05830052
0.63000000, 0.12500000, 0.10000000, 0.00000000, 0.25000000, 2.80000000, 1.05830052
0.63100000, 0.12500000, 0.10000000, 0.00000000, 0.25000000, 2.80000000, 1.05830052
0.63200000, 0.12500000, 0.10000000, 0.00000000, 0.25000000, 2.80000000, 1.05830052
0.63300000, 0.12500000, 0.10000000, 0.00000000, 0.25000000, 2.80000000, 1.05830052
0.63400000, 0.12500000, 0.10000000, 0.00000000, 0.25000000, 2.80000000, 1.05830052
0.63500000, 0.12500000, 0.10000000, 0.00000000, 0.25000000, 2.80000000, 1.05830052
0.63600000, 0.12500000, 0.10000000, 0.00000000, 0.25000000, 2.80000000, 1.05830052
0.63700000, 0.12500000, 0.10000000, 0.00000000, 0.25000000, 2.80000000, 1.05830052
0.63800000, 0.12500000, 0.10000000, 0.00000000, 0.25000000, 2.80000000, 1.05830052
0.63900000, 0.12500000, 0.10000000, 0.00000000, 0.25000000, 2.80000000, 1.05830052
0.64000000, 0.12500000, 0.10000000, 0.00000000, 0.25000000, 2.80000000, 1.05830052
0.64100000, 0.12500000, 0.10000000, 0.00000000, 0.25000000, 2.80000000, 1.05830052
0.64200000, 0.12500000, 0.10000000, 0.00000000, 0.25000000, 2.80000000, 1.05830052
0.64300000, 0.12500000, 0.10000000, 0.00000000, 0.25000000, 2.80000000, 1.05830052
0.64400000, 0.12500000, 0.10000000, 0.00000000, 0.25000000, 2.80000000, 1.05830052
0.64500000, 0.12500000, 0.10000000, 0.00000000, 0.25000000, 2.80000000, 1.05830052
0.64600000, 0.12500000, 0.10000000, 0.00000000, 0.25000000, 2.80000000, 1.05830052
0.64700000, 0.12500000, 0.10000000, 0.00000000, 0.25000000, 2.80000000, 1.05830052
0.64800000, 0.12500000, 0.10000000, 0.00000000, 0.25000000, 2.80000000, 1.05830052
0.64900000, 0.12500000, 0.10000000, 0.00000000, 0.25000000, 2.80000000, 1.05830052
0.65000000, 0.12500000, 0.10000000, 0.00000000, 0.25000000, 2.80000000, 1.05830052
0.65100000, 0.12500000, 0.10000000, 0.00000000, 0.25000000, 2.80000000, 1.05830052
0.65200000, 0.12500000, 0.10000000, 0.00000000, 0.25000000, 2.80000000, 1.05830052
0.65300000, 0.12500000, 0.10000000, 0.00000000, 0.25000000, 2.80000000, 1.05830052
0.65400000, 0.12500000, 0.10000000, 0.00000000, 0.25000000, 2.80000000, 1.05830052
0.65500000, 0.12500000, 0.10000000, 0.00000000, 0.25000000, 2.80000000, 1.05830052
0.65600000, 0.12500000, 0.10000000, 0.00000000, 0.25000000, 2.80000000, 1.05830052
0.65700000, 0.12500000, 0.10000000, 0.00000000, 0.25000000, 2.80000000, 1.05830052
0.65800000, 0.12500000, 0.10000000, 0.00000000, 0.25000000, 2.80000000, 1.05830052
0.65900000, 0.12500000, 0.10000000, 0.00000000, 0.25000000, 2.80000000, 1.05830052
0.66000000, 0.12500000, 0.10000000, 0.00000000, 0.25000000, 2.80000000, 1.05830052
0.66100000, 0.12500000, 0.10000000, 0.00000000, 0.25000000, 2.80000000, 1.05830052
0.66200000, 0.12500000, 0.10000000, 0.00000000, 0.25000000, 2.80000000, 1.05830052
0.66300000, 0.12500000, 0.10000000, 0.00000000, 0.25000000, 2.80000000, 1.05830052
0.66400000, 0.12500000, 0.10000000, 0.00000000, 0.25000000, 2.80000000, 1.05830052
0.66500000, 0.12500000, 0.10000000, 0.00000000, 0.25000000, 2.80000000, 1.05830052
0.66600000, 0.12500000, 0.10000000, 0.00000000, 0.25000000, 2.80000000, 1.05830052
0.66700000, 0.12500000, 0.10000000, 0.00000000, 0.25000000, 2.80000000, 1.05830052
0.66800000, 0.12500000, 0.10000000, 0.00000000, 0.25000000, 2.80000000, 1.05830052
0.66900000, 0.12500000, 0.10000000, 0.00000000, 0.25000000, 2.80000000, 1.05830052
0.67000000, 0.12500000, 0.10000000, 0.00000000, 0.25000000, 2.80000000, 1.05830052
0.67100000, 0.12500000, 0.10000000, 0.00000000, 0.25000000, 2.80000000, 1.05830052
0.67200000, 0.12500000, 0.10000000, 0.00000000, 0.25000000, 2.80000000, 1.05830052
0.67300000, 0.12500000, 0.10000000, 0.00000000, 0.25000000, 2.80000000, 1.05830052
0.67400000, 0.12500000, 0.10000000, 0.00000000, 0.25000000, 2.80000000, 1.05830052
0.67500000, 0.12500000, 0.10000000, 0.00000000, 0.25000000, 2.80000000, 1.05830052
0.67600000, 0.12500000, 0.10000000, 0.00000000, 0.25000000, 2.80000000, 1.05830052
0.67700000, 0.12500000, 0.10000000, 0.00000000, 0.25000000, 2.80000000, 1.05830052
0.67800000, 0.12500000, 0.10000000, 0.00000000, 0.25000000, 2.80000000, 1.05830052
0.67900000, 0.12500000, 0.10000000, 0.00000000, 0.25000000, 2.80000000, 1.05830052
0.68000000, 0.12500000, 0.10000000, 0.00000000, 0.25000000, 2.80000000, 1.05830052
0.68100000, 0.12500000, 0.10000000, 0.00000000, 0.25000000, 2.80000000, 1.05830052
0.68200000, 0.12500000, 0.10000000, 0.00000000, 0.25000000, 2.80000000, 1.05830052
0.68300000, 0.12500000, 0.10000000, 0.00000000, 0.25000000, 2.80000000, 1.05830052
0.68400000, 0.12500000, 0.10000000, 0.00000000, 0.25000000, 2.80000000, 1.05830052
0.68500000, 0.12500000, 0.10000000, 0.00000000, 0.25000000, 2.80000000, 1.05830052
0.68600000, 0.12500000, 0.10000000, 0.00000000, 0.25000000, 2.80000000, 1.05830052
0.68700000, 0.12500000, 0.10000000, 0.00000000, 0.25000000, 2.80000000, 1.05830052
0.68800000, 0.12500000, 0.10000000, 0.00000000, 0.25000000, 2.80000000, 1.05830052
0.68900000, 0.12500000, 0.10000000, 0.00000000, 0.25000000, 2.80000000, 1.05830052
0.69000000, 0.12500000, 0.10000000, 0.00000000, 0.25000000, 2.80000000, 1.05830052
0.69100000, 0.12500000, 0.10000000, 0.00000000, 0.25000000, 2.80000000, 1.05830052
0.69200000, 0.12500000, 0.10000000, 0.00000000, 0.25000000, 2.80000000, 1.05830052
0.69300000, 0.12500000, 0.10000000, 0.00000000, 0.25000000, 2.80000000, 1.05830052
0.69400000, 0.12500000, 0.10000000, 0.00000000, 0.25000000, 2.80000000, 1.05830052
0.69500000, 0.12500000, 0.10000000, 0.00000000, 0.25000000, 2.80000000, 1.05830052
0.69600000, 0.12500000, 0.10000000, 0.00000000, 0.25000000, 2.80000000, 1.05830052
0.69700000, 0.12500000, 0.10000000, 0.00000000, 0.25000000, 2.80000000, 1.05830052
0.69800000, 0.12500000, 0.10000000, 0.00000000, 0.25000000, 2.80000000, 1.05830052
0.69900000, 0.12500000, 0.10000000, 0.00000000, 0.25000000, 2.80000000, 1.05830052
0.70000000, 0.12500000, 0.10000000, 0.00000000, 0.25000000, 2.80000000, 1.05830052
0.70100000, 0.12500000, 0.10000000, 0.00000000, 0.25000000, 2.80000000, 1.05830052
0.70200000, 0.12500000, 0.10000000, 0.00000000, 0.25000000, 2.80000000, 1.05830052
0.70300000, 0.12500000, 0.10000000, 0.00000000, 0.25000000, 2.80000000, 1.05830052
0.70400000, 0.12500000, 0.10000000, 0.00000000, 0.25000000, 2.80000000, 1.05830052
0.70500000, 0.12500000, 0.10000000, 0.00000000, 0.25000000, 2.80000000, 1.05830052
0.70600000, 0.12500000, 0.10000000, 0.00000000, 0.25000000, 2.80000000, 1.05830052
0.70700000, 0.12500000, 0.10000000, 0.00000000, 0.25000000, 2.80000000, 1.05830052
0.70800000, 0.12500000, 0.10000000, 0.00000000, 0.25000000, 2.80000000, 1.05830052
0.70900000, 0.12500000, 0.10000000, 0.00000000, 0.25000000, 2.80000000, 1.05830052
0.71000000, 0.12500000, 0.10000000, 0.00000000, 0.25000000, 2.80000000, 1.05830052
0.71100000, 0.12500000, 0.10000000, 0.00000000, 0.25000000, 2.80000000, 1.05830052
0.71200000, 0.12500000, 0.10000000, 0.00000000, 0.25000000, 2.80000000, 1.05830052
0.71300000, 0.12500000, 0.10000000, 0.00000000, 0.25000000, 2.80000000, 1.05830052
0.71400000, 0.12500000, 0.10000000, 0.00000000, 0.25000000, 2.80000000, 1.05830052
0.71500000, 0.12500000, 0.10000000, 0.00000000, 0.25000000, 2.80000000, 1.05830052
0.71600000, 0.12500000, 0.10000000, 0.00000000, 0.25000000, 2.80000000, 1.05830052
0.71700000, 0.12500000, 0.10000000, 0.00000000, 0.25000000, 2.80000000, 1.05830052
0.71800000, 0.12500000, 0.10000000, 0.00000000, 0.25000000, 2.80000000, 1.05830052
0.71900000, 0.12500000, 0.10000000, 0.00000000, 0.25000000, 2.80000000, 1.05830052
0.72000000, 0.12500000, 0.10000000, 0.00000000, 0.25000000, 2.80000000, 1.05830052
0.72100000, 0.12500000, 0.10000000, 0.00000000, 0.25000000, 2.80000000, 1.05830052
0.72200000, 0.12500000, 0.10000000, 0.00000000, 0.25000000, 2.80000000, 1.05830052
0.72300000, 0.12500000, 0.10000000, 0.00000000, 0.25000000, 2.80000000, 1.05830052
0.72400000, 0.12500000, 0.10000000, 0.00000000, 0.25000000, 2.80000000, 1.05830052
0.72500000, 0.12500000, 0.10000000, 0.00000000, 0.25000000, 2.80000000, 1.05830052
0.72600000, 0.12500000, 0.10000000, 0.00000000, 0.25000000, 2.80000000, 1.05830052
0.72700000, 0.12500000, 0.10000000, 0.00000000, 0.25000000, 2.80000000, 1.05830052
0.72800000, 0.12500000, 0.10000000, 0.00000000, 0.25000000, 2.80000000, 1.05830052
0.72900000, 0.12500000, 0.10000000, 0.00000000, 0.25000000, 2.80000000, 1.05830052
0.73000000, 0.12500000, 0.10000000, 0.00000000, 0.25000000, 2.80000000, 1.05830052
0.73100000, 0.12500000, 0.10000000, 0.00000000, 0.25000000, 2.80000000, 1.05830052
0.73200000, 0.12500000, 0.10000000, 0.00000000, 0.25000000, 2.80000000, 1.05830052
0.73300000, 0.12500000, 0.10000000, 0.00000000, 0.25000000, 2.80000000, 1.05830052
0.73400000, 0.12500000, 0.10000000, 0.00000000, 0.25000000, 2.80000000, 1.05830052
0.73500000, 0.12500000, 0.10000000, 0.00000000, 0.25000000, 2.80000000, 1.05830052
0.73600000, 0.12500000, 0.10000000, 0.00000000, 0.25000000, 2.80000000, 1.05830052
0.73700000, 0.12500000, 0.10000000, 0.00000000, 0.25000000, 2.80000000, 1.05830052
0.73800000, 0.12500000, 0.10000000, 0.00000000, 0.25000000, 2.80000000, 1.05830052
0.73900000, 0.12500000, 0.10000000, 0.00000000, 0.25000000, 2.80000000, 1.05830052
0.74000000, 0.12500000, 0.10000000, 0.00000000, 0.25000000, 2.80000000, 1.05830052
0.74100000, 0.12500000, 0.10000000, 0.00000000, 0.25000000, 2.80000000, 1.05830052
0.74200000, 0.12500000, 0.10000000, 0.00000000, 0.25000000, 2.80000000, 1.05830052
0.74300000, 0.12500000, 0.10000000, 0.00000000, 0.25000000, 2.80000000, 1.05830052
0.74400000, 0.12500000, 0.10000000, 0.00000000, 0.25000000, 2.80000000, 1.05830052
0.74500000, 0.12500000, 0.10000000, 0.00000000, 0.25000000, 2.80000000, 1.05830052
0.74600000, 0.12500000, 0.10000000, 0.00000000, 0.25000000, 2.80000000, 1.05830052
0.74700000, 0.12500000, 0.10000000, 0.00000000, 0.25000000, 2.80000000, 1.05830052
0.74800000, 0.12500000, 0.10000000, 0.00000000, 0.25000000, 2.80000000, 1.05830052
0.74900000, 0.12500000, 0.10000000, 0.00000000, 0.25000000, 2.80000000, 1.05830052
0.75000000, 0.12500000, 0.10000000, 0.00000000, 0.25000000, 2.80000000, 1.05830052
0.75100000, 0.12500000, 0.10000000, 0.00000000, 0.25000000, 2.80000000, 1.05830052
0.75200000, 0.12500000, 0.10000000, 0.00000000, 0.25000000, 2.80000000, 1.05830052
0.75300000, 0.12500000, 0.10000000, 0.00000000, 0.25000000, 2.80000000, 1.05830052
0.75400000, 0.12500000, 0.10000000, 0.00000000, 0.25000000, 2.80000000, 1.05830052
0.75500000, 0.12500000, 0.10000000, 0.00000000, 0.25000000, 2.80000000, 1.05830052
0.75600000, 0.12500000, 0.10000000, 0.00000000, 0.25000000, 2.80000000, 1.05830052
0.75700000, 0.12500000, 0.10000000, 0.00000000, 0.25000000, 2.80000000, 1.05830052
0.75800000, 0.12500000, 0.10000000, 0.00000000, 0.25000000, 2.80000000, 1.05830052
0.75900000, 0.12500000, 0.10000000, 0.00000000, 0.25000000, 2.80000000, 1.05830052
0.76000000, 0.12500000, 0.10000000, 0.00000000, 0.25000000, 2.80000000, 1.05830052
0.76100000, 0.12500000, 0.10000000, 0.00000000, 0.25000000, 2.80000000, 1.05830052
0.76200000, 0.12500000, 0.10000000, 0.00000000, 0.25000000, 2.80000000, 1.05830052
0.76300000, 0.12500000, 0.10000000, 0.00000000, 0.25000000, 2.80000000, 1.05830052
0.76400000, 0.12500000, 0.10000000, 0.00000000, 0.25000000, 2.80000000, 1.05830052
0.76500000, 0.12500000, 0.10000000, 0.00000000, 0.25000000, 2.80000000, 1.05830052
0.76600000, 0.12500000, 0.10000000, 0.00000000, 0.25000000, 2.80000000, 1.05830052
0.76700000, 0.12500000, 0.10000000, 0.00000000, 0.25000000, 2.80000000, 1.05830052
0.76800000, 0.12500000, 0.10000000, 0.00000000, 0.25000000, 2.80000000, 1.05830052
0.76900000, 0.12500000, 0.10000000, 0.00000000, 0.25000000, 2.80000000, 1.05830052
0.77000000, 0.12500000, 0.10000000, 0.00000000, 0.25000000, 2.80000000, 1.05830052
0.77100000, 0.12500000, 0.10000000, 0.00000000, 0.25000000, 2.80000000, 1.05830052
0.77200000, 0.12500000, 0.10000000, 0.00000000, 0.25000000, 2.80000000, 1.05830052
0.77300000, 0.12500000, 0.10000000, 0.00000000, 0.25000000, 2.80000000, 1.05830052
0.77400000, 0.12500000, 0.10000000, 0.00000000, 0.25000000, 2.80000000, 1.05830052
0.77500000, 0.12500000, 0.10000000, 0.00000000, 0.25000000, 2.80000000, 1.05830052
0.77600000, 0.12500000, 0.10000000, 0.00000000, 0.25000000, 2.80000000, 1.05830052
0.77700000, 0.12500000, 0.10000000, 0.00000000, 0.25000000, 2.80000000, 1.05830052
0.77800000, 0.12500000, 0.10000000, 0.00000000, 0.25000000, 2.80000000, 1.05830052
0.77900000, 0.12500000, 0.10000000, 0.00000000, 0.25000000, 2.80000000, 1.05830052
0.78000000, 0.12500000, 0.10000000, 0.00000000, 0.25000000, 2.80000000, 1.05830052
0.78100000, 0.12500000, 0.10000000, 0.00000000, 0.25000000, 2.80000000, 1.05830052
0.78200000, 0.12500000, 0.10000000, 0.00000000, 0.25000000, 2.80000000, 1.05830052
0.78300000, 0.12500000, 0.10000000, 0.00000000, 0.25000000, 2.80000000, 1.05830052
0.78400000, 0.12500000, 0.10000000, 0.00000000, 0.25000000, 2.80000000, 1.05830052
0.78500000, 0.12500000, 0.10000000, 0.00000000, 0.25000000, 2.80000000, 1.05830052
0.78600000, 0.12500000, 0.10000000, 0.00000000, 0.25000000, 2.80000000, 1.05830052
0.78700000, 0.12500000, 0.10000000, 0.00000000, 0.25000000, 2.80000000, 1.05830052
0.78800000, 0.12500000, 0.10000000, 0.00000000, 0.25000000, 2.80000000, 1.05830052
0.78900000, 0.12500000, 0.10000000, 0.00000000, 0.25000000, 2.80000000, 1.05830052
0.79000000, 0.12500000, 0.10000000, 0.00000000, 0.25000000, 2.80000000, 1.05830052
0.79100000, 0.12500000, 0.10000000, 0.00000000, 0.25000000, 2.80000000, 1.05830052
0.79200000, 0.12500000, 0.10000000, 0.00000000, 0.25000000, 2.80000000, 1.05830052
0.79300000, 0.12500000, 0.10000000, 0.00000000, 0.25000000, 2.80000000, 1.05830052
0.79400000, 0.12500000, 0.10000000, 0.00000000, 0.25000000, 2.80000000, 1.05830052
0.79500000, 0.12500000, 0.10000000, 0.00000000, 0.25000000, 2.80000000, 1.05830052
0.79600000, 0.12500000, 0.10000000, 0.00000000, 0.25000000, 2.80000000, 1.05830052
0.79700000, 0.12500000, 0.10000000, 0.00000000, 0.25000000, 2.80000000, 1.05830052
0.79800000, 0.12500000, 0.10000000, 0.00000000, 0.25000000, 2.80000000, 1.05830052
0.79900000, 0.12500000, 0.10000000, 0.00000000, 0.25000000, 2.80000000, 1.05830052
0.80000000, 0.12500000, 0.10000000, 0.00000000, 0.25000000, 2.80000000, 1.05830052
0.80100000, 0.12500000, 0.10000000, 0.00000000, 0.25000000, 2.80000000, 1.05830052
0.80200000, 0.12500000, 0.10000000, 0.00000000, 0.25000000, 2.80000000, 1.05830052
0.80300000, 0.12500000, 0.10000000, 0.00000000, 0.25000000, 2.80000000, 1.05830052
0.80400000, 0.12500000, 0.10000000, 0.00000000, 0.25000000, 2.80000000, 1.05830052
0.80500000, 0.12500000, 0.10000000, 0.00000000, 0.25000000, 2.80000000, 1.05830052
0.80600000, 0.12500000, 0.10000000, 0.00000000, 0.25000000, 2.80000000, 1.05830052
0.80700000, 0.12500000, 0.10000000, 0.00000000, 0.25000000, 2.80000000, 1.05830052
0.80800000, 0.12500000, 0.10000000, 0.00000000, 0.25000000, 2.80000000, 1.05830052
0.80900000, 0.12500000, 0.10000000, 0.00000000, 0.25000000, 2.80000000, 1.05830052
0.81000000, 0.12500000, 0.10000000, 0.00000000, 0.25000000, 2.80000000, 1.05830052
0.81100000, 0.12500000, 0.10000000, 0.00000000, 0.25000000, 2.80000000, 1.05830052
0.81200000, 0.12500000, 0.10000000, 0.00000000, 0.25000000, 2.80000000, 1.05830052
0.81300000, 0.12500000, 0.10000000, 0.00000000, 0.25000000, 2.80000000, 1.05830052
0.81400000, 0.12500000, 0.10000000, 0.00000000, 0.25000000, 2.80000000, 1.05830052
0.81500000, 0.12500000, 0.10000000, 0.00000000, 0.25000000, 2.80000000, 1.05830052
0.81600000, 0.12500000, 0.10000000, 0.00000000, 0.25000000, 2.80000000, 1.05830052
0.81700000, 0.12500000, 0.10000000, 0.00000000, 0.25000000, 2.80000000, 1.05830052
0.81800000, 0.12500000, 0.10000000, 0.00000000, 0.25000000, 2.80000000, 1.05830052
0.81900000, 0.12500000, 0.10000000, 0.00000000, 0.25000000, 2.80000000, 1.05830052
0.82000000, 0.12500000, 0.10000000, 0.00000000, 0.25000000, 2.80000000, 1.05830052
0.82100000, 0.12500000, 0.10000000, 0.00000000, 0.25000000, 2.80000000, 1.05830052
0.82200000, 0.12500000, 0.10000000, 0.00000000, 0.25000000, 2.80000000, 1.05830052
0.82300000, 0.12500000, 0.10000000, 0.00000000, 0.25000000, 2.80000000, 1.05830052
0.82400000, 0.12500000, 0.10000000, 0.00000000, 0.25000000, 2.80000000, 1.05830052
0.82500000, 0.12500000, 0.10000000, 0.00000000, 0.25000000, 2.80000000, 1.05830052
0.82600000, 0.12500000, 0.10000000, 0.00000000, 0.25000000, 2.80000000, 1.05830052
0.82700000, 0.12500000, 0.10000000, 0.00000000, 0.25000000, 2.80000000, 1.05830052
0.82800000, 0.12500000, 0.10000000, 0.00000000, 0.25000000, 2.80000000, 1.05830052
0.82900000, 0.12500000, 0.10000000, 0.00000000, 0.25000000, 2.80000000, 1.05830052
0.83000000, 0.12500000, 0.10000000, 0.00000000, 0.25000000, 2.80000000, 1.05830052
0.83100000, 0.12500000, 0.10000000, 0.00000000, 0.25000000, 2.80000000, 1.05830052
0.83200000, 0.12500000, 0.10000000, 0.00000000, 0.25000000, 2.80000000, 1.05830052
0.83300000, 0.12500000, 0.10000000, 0.00000000, 0.25000000, 2.80000000, 1.05830052
0.83400000, 0.12500000, 0.10000000, 0.00000000, 0.25000000, 2.80000000, 1.05830052
0.83500000, 0.12500000, 0.10000000, 0.00000000, 0.25000000, 2.80000000, 1.05830052
0.83600000, 0.12500000, 0.10000000, 0.00000000, 0.25000000, 2.80000000, 1.05830052
0.83700000, 0.12500000, 0.10000000, 0.00000000, 0.25000000, 2.80000000, 1.05830052
0.83800000, 0.12500000, 0.10000000, 0.00000000, 0.25000000, 2.80000000, 1.05830052
0.83900000, 0.12500000, 0.10000000, 0.00000000, 0.25000000, 2.80000000, 1.05830052
0.84000000, 0.12500000, 0.10000000, 0.00000000, 0.25000000, 2.80000000, 1.05830052
0.84100000, 0.12500000, 0.10000000, 0.00000000, 0.25000000, 2.80000000, 1.05830052
0.84200000, 0.12500000, 0.10000000, 0.00000000, 0.25000000, 2.80000000, 1.05830052
0.84300000, 0.12500000, 0.10000000, 0.00000000, 0.25000000, 2.80000000, 1.05830052
0.84400000, 0.12500000, 0.10000000, 0.00000000, 0.25000000, 2.80000000, 1.05830052
0.84500000, 0.12500000, 0.10000000, 0.00000000, 0.25000000, 2.80000000, 1.05830052
0.84600000, 0.12500000, 0.10000000, 0.00000000, 0.25000000, 2.80000000, 1.05830052
0.84700000, 0.12500000, 0.10000000, 0.00000000, 0.25000000, 2.80000000, 1.05830052
0.84800000, 0.12500000, 0.10000000, 0.00000000, 0.25000000, 2.80000000, 1.05830052
0.84900000, 0.12500000, 0.10000000, 0.00000000, 0.25000000, 2.80000000, 1.05830052
0.85000000, 0.12500000, 0.10000000, 0.00000000, 0.25000000, 2.80000000, 1.05830052
0.85100000, 0.12500000, 0.10000000, 0.00000000, 0.25000000, 2.80000000, 1.05830052
0.85200000, 0.12500000, 0.10000000, 0.00000000, 0.25000000, 2.80000000, 1.05830052
0.85300000, 0.12500000, 0.10000000, 0.00000000, 0.25000000, 2.80000000, 1.05830052
0.85400000, 0.12500000, 0.10000000, 0.00000000, 0.25000000, 2.80000000, 1.05830052
0.85500000, 0.12500000, 0.10000000, 0.00000000, 0.25000000, 2.80000000, 1.05830052
0.85600000, 0.12500000, 0.10000000, 0.00000000, 0.25000000, 2.80000000, 1.05830052
0.85700000, 0.12500000, 0.10000000, 0.00000000, 0.25000000, 2.80000000, 1.05830052
0.85800000, 0.12500000, 0.10000000, 0.00000000, 0.25000000, 2.80000000, 1.05830052
0.85900000, 0.12500000, 0.10000000, 0.00000000, 0.25000000, 2.80000000, 1.05830052
0.86000000, 0.12500000, 0.10000000, 0.00000000, 0.25000000, 2.80000000, 1.05830052
0.86100000, 0.12500000, 0.10000000, 0.00000000, 0.25000000, 2.80000000, 1.05830052
0.86200000, 0.12500000, 0.10000000, 0.00000000, 0.25000000, 2.80000000, 1.05830052
0.86300000, 0.12500000, 0.10000000, 0.00000000, 0.25000000, 2.80000000, 1.05830052
0.86400000, 0.12500000, 0.10000000, 0.00000000, 0.25000000, 2.80000000, 1.05830052
0.86500000, 0.12500000, 0.10000000, 0.00000000, 0.25000000, 2.80000000, 1.05830052
0.86600000, 0.12500000, 0.10000000, 0.00000000, 0.25000000, 2.80000000, 1.05830052
0.86700000, 0.12500000, 0.10000000, 0.00000000, 0.25000000, 2.80000000, 1.05830052
0.86800000, 0.12500000, 0.10000000, 0.00000000, 0.25000000, 2.80000000, 1.05830052
0.86900000, 0.12500000, 0.10000000, 0.00000000, 0.25000000, 2.80000000, 1.05830052
0.87000000, 0.12500000, 0.10000000, 0.00000000, 0.25000000, 2.80000000, 1.05830052
0.87100000, 0.12500000, 0.10000000, 0.00000000, 0.25000000, 2.80000000, 1.05830052
0.87200000, 0.12500000, 0.10000000, 0.00000000, 0.25000000, 2.80000000, 1.05830052
0.87300000, 0.12500000, 0.10000000, 0.00000000, 0.25000000, 2.80000000, 1.05830052
0.87400000, 0.12500000, 0.10000000, 0.00000000, 0.25000000, 2.80000000, 1.05830052
0.87500000, 0.12500000, 0.10000000, 0.00000000, 0.25000000, 2.80000000, 1.05830052
0.87600000, 0.12500000, 0.10000000, 0.00000000, 0.25000000, 2.80000000, 1.05830052
0.87700000, 0.12500000, 0.10000000, 0.00000000, 0.25000000, 2.80000000, 1.05830052
0.87800000, 0.12500000, 0.10000000, 0.00000000, 0.25000000, 2.80000000, 1.05830052
0.87900000, 0.12500000, 0.10000000, 0.00000000, 0.25000000, 2.80000000, 1.05830052
0.88000000, 0.12500000, 0.10000000, 0.00000000, 0.25000000, 2.80000000, 1.05830052
0.88100000, 0.12500000, 0.10000000, 0.00000000, 0.25000000, 2.80000000, 1.05830052
0.88200000, 0.12500000, 0.10000000, 0.00000000, 0.25000000, 2.80000000, 1.05830052
0.88300000, 0.12500000, 0.10000000, 0.00000000, 0.25000000, 2.80000000, 1.05830052
0.88400000, 0.12500000, 0.10000000, 0.00000000, 0.25000000, 2.80000000, 1.05830052
0.88500000, 0.12500000, 0.10000000, 0.00000000, 0.25000000, 2.80000000, 1.05830052
0.88600000, 0.12500000, 0.10000000, 0.00000000, 0.25000000, 2.80000000, 1.05830052
0.88700000, 0.12500000, 0.10000000, 0.00000000, 0.25000000, 2.80000000, 1.05830052
0.88800000, 0.12500000, 0.10000000, 0.00000000, 0.25000000, 2.80000000, 1.05830052
0.88900000, 0.12500000, 0.10000000, 0.00000000, 0.25000000, 2.80000000, 1.05830052
0.89000000, 0.12500000, 0.10000000, 0.00000000, 0.25000000, 2.80000000, 1.05830052
0.89100000, 0.12500000, 0.10000000, 0.00000000, 0.25000000, 2.80000000, 1.05830052
0.89200000, 0.12500000, 0.10000000, 0.00000000, 0.25000000, 2.80000000, 1.05830052
0.89300000, 0.12500000, 0.10000000, 0.00000000, 0.25000000, 2.80000000, 1.05830052
0.89400000, 0.12500000, 0.10000000, 0.00000000, 0.25000000, 2.80000000, 1.05830052
0.89500000, 0.12500000, 0.10000000, 0.00000000, 0.25000000, 2.80000000, 1.05830052
0.89600000, 0.12500000, 0.10000000, 0.00000000, 0.25000000, 2.80000000, 1.05830052
0.89700000, 0.12500000, 0.10000000, 0.00000000, 0.25000000, 2.80000000, 1.05830052
0.89800000, 0.12500000, 0.10000000, 0.00000000, 0.25000000, 2.80000000, 1.05830052
0.89900000, 0.12500000, 0.10000000, 0.00000000, 0.25000000, 2.80000000, 1.05830052
0.90000000, 0.12500000, 0.10000000, 0.00000000, 0.25000000, 2.80000000, 1.05830052
0.90100000, 0.12500000, 0.10000000, 0.00000000, 0.25000000, 2.80000000, 1.05830052
0.90200000, 0.12500000, 0.10000000, 0.00000000, 0.25000000, 2.80000000, 1.05830052
0.90300000, 0.12500000, 0.10000000, 0.00000000, 0.25000000, 2.80000000, 1.05830052
0.90400000, 0.12500000, 0.10000000, 0.00000000, 0.25000000, 2.80000000, 1.05830052
0.90500000, 0.12500000, 0.10000000, 0.00000000, 0.25000000, 2.80000000, 1.05830052
0.90600000, 0.12500000, 0.10000000, 0.00000000, 0.25000000, 2.80000000, 1.05830052
0.90700000, 0.12500000, 0.10000000, 0.00000000, 0.25000000, 2.80000000, 1.05830052
0.90800000, 0.12500000, 0.10000000, 0.00000000, 0.25000000, 2.80000000, 1.05830052
0.90900000, 0.12500000, 0.10000000, 0.00000000, 0.25000000, 2.80000000, 1.05830052
0.91000000, 0.12500000, 0.10000000, 0.00000000, 0.25000000, 2.80000000, 1.05830052
0.91100000, 0.12500000, 0.10000000, 0.00000000, 0.25000000, 2.80000000, 1.05830052
0.91200000, 0.12500000, 0.10000000, 0.00000000, 0.25000000, 2.80000000, 1.05830052
0.91300000, 0.12500000, 0.10000000, 0.00000000, 0.25000000, 2.80000000, 1.05830052
0.91400000, 0.12500000, 0.10000000, 0.00000000, 0.25000000, 2.80000000, 1.05830052
0.91500000, 0.12500000, 0.10000000, 0.00000000, 0.25000000, 2.80000000, 1.05830052
0.91600000, 0.12500000, 0.10000000, 0.00000000, 0.25000000, 2.80000000, 1.05830052
0.91700000, 0.12500000, 0.10000000, 0.00000000, 0.25000000, 2.80000000, 1.05830052
0.91800000, 0.12500000, 0.10000000, 0.00000000, 0.25000000, 2.80000000, 1.05830052
0.91900000, 0.12500000, 0.10000000, 0.00000000, 0.25000000, 2.80000000, 1.05830052
0.92000000, 0.12500000, 0.10000000, 0.00000000, 0.25000000, 2.80000000, 1.05830052
0.92100000, 0.12500000, 0.10000000, 0.00000000, 0.25000000, 2.80000000, 1.05830052
0.92200000, 0.12500000, 0.10000000, 0.00000000, 0.25000000, 2.80000000, 1.05830052
0.92300000, 0.12500000, 0.10000000, 0.00000000, 0.25000000, 2.80000000, 1.05830052
0.92400000, 0.12500000, 0.10000000, 0.00000000, 0.25000000, 2.80000000, 1.05830052
0.92500000, 0.12500000, 0.10000000, 0.00000000, 0.25000000, 2.80000000, 1.05830052
0.92600000, 0.12500000, 0.10000000, 0.00000000, 0.25000000, 2.80000000, 1.05830052
0.92700000, 0.12500000, 0.10000000, 0.00000000, 0.25000000, 2.80000000, 1.05830052
0.92800000, 0.12500000, 0.10000000, 0.00000000, 0.25000000, 2.80000000, 1.05830052
0.92900000, 0.12500000, 0.10000000, 0.00000000, 0.25000000, 2.80000000, 1.05830052
0.93000000, 0.12500000, 0.10000000, 0.00000000, 0.25000000, 2.80000000, 1.05830052
0.93100000, 0.12500000, 0.10000000, 0.00000000, 0.25000000, 2.80000000, 1.05830052
0.93200000, 0.12500000, 0.10000000, 0.00000000, 0.25000000, 2.80000000, 1.05830052
0.93300000, 0.12500000, 0.10000000, 0.00000000, 0.25000000, 2.80000000, 1.05830052
0.93400000, 0.12500000, 0.10000000, 0.00000000, 0.25000000, 2.80000000, 1.05830052
0.93500000, 0.12500000, 0.10000000, 0.00000000, 0.25000000, 2.80000000, 1.05830052
0.93600000, 0.12500000, 0.10000000, 0.00000000, 0.25000000, 2.80000000, 1.05830052
0.93700000, 0.12500000, 0.10000000, 0.00000000, 0.25000000, 2.80000000, 1.05830052
0.93800000, 0.12500000, 0.10000000, 0.00000000, 0.25000000, 2.80000000, 1.05830052
0.93900000, 0.12500000, 0.10000000, 0.00000000, 0.25000000, 2.80000000, 1.05830052
0.94000000, 0.12500000, 0.10000000, 0.00000000, 0.25000000, 2.80000000, 1.05830052
0.94100000, 0.12500000, 0.10000000, 0.00000000, 0.25000000, 2.80000000, 1.05830052
0.94200000, 0.12500000, 0.10000000, 0.00000000, 0.25000000, 2.80000000, 1.05830052
0.94300000, 0.12500000, 0.10000000, 0.00000000, 0.25000000, 2.80000000, 1.05830052
0.94400000, 0.12500000, 0.10000000, 0.00000000, 0.25000000, 2.80000000, 1.05830052
0.94500000, 0.12500000, 0.10000000, 0.00000000, 0.25000000, 2.80000000, 1.05830052
0.94600000, 0.12500000, 0.10000000, 0.00000000, 0.25000000, 2.80000000, 1.05830052
0.94700000, 0.12500000, 0.10000000, 0.00000000, 0.25000000, 2.80000000, 1.05830052
0.94800000, 0.12500000, 0.10000000, 0.00000000, 0.25000000, 2.80000000, 1.05830052
0.94900000, 0.12500000, 0.10000000, 0.00000000, 0.25000000, 2.80000000, 1.05830052
0.95000000, 0.12500000, 0.10000000, 0.00000000, 0.25000000, 2.80000000, 1.05830052
0.95100000, 0.12500000, 0.10000000, 0.00000000, 0.25000000, 2.80000000, 1.05830052
0.95200000, 0.12500000, 0.10000000, 0.00000000, 0.25000000, 2.80000000, 1.05830052
0.95300000, 0.12500000, 0.10000000, 0.00000000, 0.25000000, 2.80000000, 1.05830052
0.95400000, 0.12500000, 0.10000000, 0.00000000, 0.25000000, 2.80000000, 1.05830052
0.95500000, 0.12500000, 0.10000000, 0.00000000, 0.25000000, 2.80000000, 1.05830052
0.95600000, 0.12500000, 0.10000000, 0.00000000, 0.25000000, 2.80000000, 1.05830052
0.95700000, 0.12500000, 0.10000000, 0.00000000, 0.25000000, 2.80000000, 1.05830052
0.95800000, 0.12500000, 0.10000000, 0.00000000, 0.25000000, 2.80000000, 1.05830052
0.95900000, 0.12500000, 0.10000000, 0.00000000, 0.25000000, 2.80000000, 1.05830052
0.96000000, 0.12500000, 0.10000000, 0.00000000, 0.25000000, 2.80000000, 1.05830052
0.96100000, 0.12500000, 0.10000000, 0.00000000, 0.25000000, 2.80000000, 1.05830052
0.96200000, 0.12500000, 0.10000000, 0.00000000, 0.25000000, 2.80000000, 1.05830052
0.96300000, 0.12500000, 0.10000000, 0.00000000, 0.25000000, 2.80000000, 1.05830052
0.96400000, 0.12500000, 0.10000000, 0.00000000, 0.25000000, 2.80000000, 1.05830052
0.96500000, 0.12500000, 0.10000000, 0.00000000, 0.25000000, 2.80000000, 1.05830052
0.96600000, 0.12500000, 0.10000000, 0.00000000, 0.25000000, 2.80000000, 1.05830052
0.96700000, 0.12500000, 0.10000000, 0.00000000, 0.25000000, 2.80000000, 1.05830052
0.96800000, 0.12500000, 0.10000000, 0.00000000, 0.25000000, 2.80000000, 1.05830052
0.96900000, 0.12500000, 0.10000000, 0.00000000, 0.25000000, 2.80000000, 1.05830052
0.97000000, 0.12500000, 0.10000000, 0.00000000, 0.25000000, 2.80000000, 1.05830052
0.97100000, 0.12500000, 0.10000000, 0.00000000, 0.25000000, 2.80000000, 1.05830052
0.97200000, 0.12500000, 0.10000000, 0.00000000, 0.25000000, 2.80000000, 1.05830052
0.97300000, 0.12500000, 0.10000000, 0.00000000, 0.25000000, 2.80000000, 1.05830052
0.97400000, 0.12500000, 0.10000000, 0.00000000, 0.25000000, 2.80000000, 1.05830052
0.97500000, 0.12500000, 0.10000000, 0.00000000, 0.25000000, 2.80000000, 1.05830052
0.97600000, 0.12500000, 0.10000000, 0.00000000, 0.25000000, 2.80000000, 1.05830052
0.97700000, 0.12500000, 0.10000000, 0.00000000, 0.25000000, 2.80000000, 1.05830052
0.97800000, 0.12500000, 0.10000000, 0.00000000, 0.25000000, 2.80000000, 1.05830052
0.97900000, 0.12500000, 0.10000000, 0.00000000, 0.25000000, 2.80000000, 1.05830052
0.98000000, 0.12500000, 0.10000000, 0.00000000, 0.25000000, 2.80000000, 1.05830052
0.98100000, 0.12500000, 0.10000000, 0.00000000, 0.25000000, 2.80000000, 1.05830052
0.98200000, 0.12500000, 0.10000000, 0.00000000, 0.25000000, 2.80000000, 1.05830052
0.98300000, 0.12500000, 0.10000000, 0.00000000, 0.25000000, 2.80000000, 1.05830052
0.98400000, 0.12500000, 0.10000000, 0.00000000, 0.25000000, 2.80000000, 1.05830052
0.98500000, 0.12500000, 0.10000000, 0.00000000, 0.25000000, 2.80000000, 1.05830052
0.98600000, 0.12500000, 0.10000000, 0.00000000, 0.25000000, 2.80000000, 1.05830052
0.98700000, 0.12500000, 0.10000000, 0.00000000, 0.25000000, 2.80000000, 1.05830052
0.98800000, 0.12500000, 0.10000000, 0.00000000, 0.25000000, 2.80000000, 1.05830052
0.98900000, 0.12500000, 0.10000000, 0.00000000, 0.25000000, 2.80000000, 1.05830052
0.99000000, 0.12500000, 0.10000000, 0.00000000, 0.25000000, 2.80000000, 1.05830052
0.99100000, 0.12500000, 0.10000000, 0.00000000, 0.25000000, 2.80000000, 1.05830052
0.99200000, 0.12500000, 0.10000000, 0.00000000, 0.25000000, 2.80000000, 1.05830052
0.99300000, 0.12500000, 0.10000000, 0.00000000, 0.25000000, 2.80000000, 1.05830052
0.99400000, 0.12500000, 0.10000000, 0.00000000, 0.25000000, 2.80000000, 1.05830052
0.99500000, 0.12500000, 0.10000000, 0.00000000, 0.25000000, 2.80000000, 1.05830052
0.99600000, 0.12500000, 0.10000000, 0.00000000, 0.25000000, 2.80000000, 1.05830052
0.99700000, 0.12500000, 0.10000000, 0.00000000, 0.25000000, 2.80000000, 1.05830052
0.99800000, 0.12500000, 0.10000000, 0.00000000, 0.25000000, 2.80000000, 1.05830052
0.99900000, 0.12500000, 0.10000000, 0.00000000, 0.25000000, 2.80000000, 1.05830052
